post_identifier,source,top_category_name,representative_query,archetypal_contrast_score,semantic_contrast_score,competitive_positioning_score
223277112963,ours,건강·의학,송곳니 충치,0.005217909812927246,-0.016831159591674805,0.5050655007362366
223577753077,ours,건강·의학,이가 깨졌어요,0.014165282249450684,0.026217758655548096,0.5173358917236328
223314621811,ours,건강·의학,pulpotomy,0.0520092248916626,0.021261215209960938,0.5429083108901978
223298901342,ours,건강·의학,재신경치료 기간,0.029674291610717773,0.0326271653175354,0.5246359705924988
223205080746,ours,건강·의학,이가 까맣게,0.03920680284500122,0.04113173484802246,0.5462406277656555
223733898487,ours,건강·의학,앞니 벌어짐,0.03749048709869385,-0.023236632347106934,0.5596113204956055
223630259710,ours,건강·의학,신경치료 후 잇몸 변색,-0.01614326238632202,-0.06218087673187256,0.47439640760421753
223357699582,ours,건강·의학,intrusion,-0.01839733123779297,-0.05172085762023926,0.48334068059921265
223469003670,ours,건강·의학,동탄 보존과,0.041001081466674805,-0.024399518966674805,0.5504710078239441
223278935005,ours,건강·의학,아말감 2차충치,0.006146073341369629,0.002612471580505371,0.5066729784011841
223619831819,ours,건강·의학,치아 브릿지 교체,0.08242696523666382,0.011346757411956787,0.6651729345321655
223167068424,ours,건강·의학,동탄 보존과,0.014978408813476562,0.020182251930236816,0.5172686576843262
223236128970,ours,건강·의학,소구치 충치,0.004561126232147217,0.012171030044555664,0.5074774622917175
223232140530,ours,건강·의학,동탄 미세현미경 치과,0.06991821527481079,0.03574734926223755,0.574855625629425
223340074448,ours,건강·의학,어금니 신경치료 기간,0.10526818037033081,0.0592995285987854,0.6083264946937561
223332854160,ours,건강·의학,수직치근파절,0.05739700794219971,0.007733345031738281,0.5480772256851196
223655729530,ours,건강·의학,치수괴사,0.016521155834197998,0.011566698551177979,0.5266522169113159
223627571544,ours,건강·의학,치아 옆면 충치,0.025089740753173828,-0.03288459777832031,0.5258572101593018
223760730069,ours,건강·의학,신경치료 후 염증,-0.06788831949234009,-0.050212979316711426,0.4117796719074249
223507701785,ours,건강·의학,깨진 이,0.06040710210800171,-0.013247966766357422,0.5939989686012268
223363365773,ours,건강·의학,수평치근파절,-0.02517479658126831,0.019039154052734375,0.4700385332107544
223660476078,ours,건강·의학,아랫니 브릿지,-0.06380331516265869,-0.02598392963409424,0.4496534764766693
223682403570,ours,건강·의학,어금니 레진 깨짐,-0.025004923343658447,-0.005689084529876709,0.4735201299190521
223707076590,ours,건강·의학,앞니 잇몸 통증,0.03343617916107178,-0.011451780796051025,0.5540916919708252
223431220382,ours,건강·의학,교정 후 미백,0.011063158512115479,0.0469454824924469,0.5058866143226624
223156065790,ours,건강·의학,수직치근파절,0.02396845817565918,-0.0188826322555542,0.5150260329246521
223462135488,ours,건강·의학,어른 유치,-0.015686631202697754,0.012905359268188477,0.4828782081604004
223401398737,ours,건강·의학,치수괴사,0.02932000160217285,0.019731879234313965,0.5297331809997559
223367277748,ours,건강·의학,치아 옆면 충치,-0.0758015513420105,-0.017527461051940918,0.43034815788269043
223260606003,ours,건강·의학,동탄 실활치미백,0.023444771766662598,0.004098474979400635,0.5204374194145203
223133332263,ours,건강·의학,다이아스테마,-0.024200737476348877,-0.01052391529083252,0.48501795530319214
223732797065,ours,건강·의학,내려간 잇몸,0.0678829550743103,-0.009777665138244629,0.6110197901725769
223307057929,ours,건강·의학,치과 치질,-0.013611853122711182,-0.03288000822067261,0.49298110604286194
223724665134,ours,건강·의학,앞니 신경치료 후 변색,0.035675883293151855,-0.02849644422531128,0.5473382472991943
223869870358,ours,건강·의학,급성치수염,0.01211094856262207,-0.028424382209777832,0.5128328800201416
223598756784,ours,건강·의학,교정 앞니 흔들림,0.041170358657836914,-0.00122755765914917,0.5628125071525574
223757805212,ours,건강·의학,치근단절제술 통증,0.03476172685623169,-0.0009919404983520508,0.5548769235610962
223556089501,ours,건강·의학,틀니 의료보험,-0.014677703380584717,-0.04530465602874756,0.47363513708114624
223692083052,ours,건강·의학,크라운 잇몸 내려앉음,0.003019392490386963,0.005047202110290527,0.5054360628128052
223629030784,ours,건강·의학,앞니 깨짐,-0.0031099915504455566,0.015575289726257324,0.4979729652404785
223269940028,ours,건강·의학,신경치료,-0.008596718311309814,-0.0077217817306518555,0.4942460060119629
223457546240,ours,건강·의학,인레이 파절,-0.029348552227020264,-0.026155173778533936,0.4785178601741791
223623932986,ours,건강·의학,치과 엔도,-0.006581246852874756,0.006276845932006836,0.4928489625453949
223829595540,ours,건강·의학,잇몸에 물집,0.04432117938995361,-0.019753873348236084,0.5667553544044495
223667579753,ours,건강·의학,앞니 신경치료 후 통증,0.036005496978759766,-0.004309654235839844,0.5755318403244019
223793510515,ours,건강·의학,치근단형성술,0.013401567935943604,-0.0012135505676269531,0.5146538615226746
223553485165,ours,건강·의학,상악동 거상술,-0.04344499111175537,-0.04133659601211548,0.46212905645370483
223335804761,ours,건강·의학,동탄 레진,-0.017765939235687256,0.021506071090698242,0.47951245307922363
223423945234,ours,건강·의학,앞니 외상,-0.0045583248138427734,-0.033979952335357666,0.4961030185222626
223186535780,ours,건강·의학,소구치 신경치료,-0.013814806938171387,0.03306847810745239,0.4875497817993164
223704336524,ours,건강·의학,어금니 충치 레진,0.06323540210723877,0.02950870990753174,0.5992456674575806
223236771862,ours,건강·의학,다이아스테마,0.06477624177932739,0.03944993019104004,0.556700587272644
223155543711,ours,건강·의학,동탄 앞니 레진,-0.03020232915878296,-0.02798008918762207,0.4632595181465149
223816356433,ours,건강·의학,치아 파절의 원인은 무엇인가요,0.04029279947280884,-0.022451400756835938,0.5571643710136414
223821931245,ours,건강·의학,치아 뿌리 고름,-0.02418440580368042,-0.07095658779144287,0.47473159432411194
223646411050,ours,건강·의학,흔들리는 치아 신경치료,-0.027949392795562744,-0.06556808948516846,0.45997291803359985
223299941436,ours,건강·의학,소구치 파절,0.06503832340240479,-0.029613256454467773,0.5662362575531006
223642862146,ours,건강·의학,인레이 속 충치,-0.0012134909629821777,0.004900455474853516,0.5013251900672913
223717371151,ours,건강·의학,치수복조술,0.003228604793548584,0.006386160850524902,0.5049886703491211
223684387892,ours,건강·의학,신경치료 후 염증,-0.03206545114517212,-0.022007107734680176,0.4502983093261719
223442936737,ours,건강·의학,골드인레이 탈락,-0.020234763622283936,-0.0014985203742980957,0.4892738461494446
223149973455,ours,건강·의학,발치후 즉시 식립 임플란트,0.0003019571304321289,-0.023605644702911377,0.4996735751628876
223713604505,ours,건강·의학,오버덴쳐,0.020076751708984375,-0.008650243282318115,0.5406273603439331
223767379681,ours,건강·의학,치외치,-0.02341538667678833,-0.07517784833908081,0.469694584608078
223235174542,ours,건강·의학,동탄 실활치미백,-0.018378019332885742,-0.006306469440460205,0.4859010875225067
223776270808,ours,건강·의학,앞니 재신경치료,-0.014820337295532227,-0.04783499240875244,0.4718036651611328
223451837108,ours,건강·의학,동탄 앞니 레진,0.13059520721435547,0.05005592107772827,0.6097042560577393
223747165682,ours,건강·의학,치과 엔도,-0.06528627872467041,-0.029130935668945312,0.3824394643306732
223810366687,ours,건강·의학,앞니 크라운 모양,-0.012360870838165283,-0.017195045948028564,0.48775461316108704
223764799450,ours,건강·의학,앞니 끝 깨짐,-0.04106271266937256,0.0031437277793884277,0.44590163230895996
223749543549,ours,건강·의학,어금니 잇몸 내려앉음,0.026088416576385498,-0.03662151098251343,0.5531770586967468
223726806244,ours,건강·의학,어금니 잇몸 퇴축,-0.01502847671508789,-0.04451310634613037,0.47090813517570496
223580589189,ours,건강·의학,아래 어금니 발치,-0.09350991249084473,-0.03162860870361328,0.4124561846256256
223410586957,ours,건강·의학,전치부 브릿지,-0.026032686233520508,0.023060619831085205,0.46149054169654846
223426266336,ours,건강·의학,동탄역 사랑니,0.00335615873336792,-0.01900804042816162,0.5028331279754639
223827530915,ours,건강·의학,레진,-0.13971930742263794,0.015971124172210693,0.3038586676120758
223736985385,ours,건강·의학,앞니 신경치료,-0.020658373832702637,0.009941935539245605,0.4779674708843231
223773517706,ours,건강·의학,세라믹 레진,-0.1020733118057251,-0.06874293088912964,0.2698034346103668
223773517706,ours,건강·의학,세라믹 레진,-0.1020733118057251,-0.06874293088912964,0.2698034346103668
223773517706,ours,건강·의학,세라믹 레진,-0.1020733118057251,-0.06874293088912964,0.2698034346103668
223773517706,ours,건강·의학,세라믹 레진,-0.1020733118057251,-0.06874293088912964,0.2698034346103668
223620072636,ours,건강·의학,동탄 라미네이트,0.0023887157440185547,-0.009851992130279541,0.5056676864624023
223836024559,ours,건강·의학,인레이 깨짐 비용,-0.0839533805847168,0.0033720731735229492,0.40139174461364746
223855422665,ours,건강·의학,수직치근파절,-0.17086827754974365,0.0032353997230529785,0.3669424057006836
223486986872,ours,건강·의학,iarpd,-0.013589084148406982,-0.0313035249710083,0.4738430380821228
223633437760,ours,건강·의학,잇몸퇴축 임플란트,-0.09461432695388794,-0.023706018924713135,0.3934231698513031
223880864293,ours,건강·의학,리엔도,-0.09957295656204224,-0.07601779699325562,0.38924074172973633
223800709422,ours,건강·의학,인접면 인레이,-0.08560067415237427,-0.08151090145111084,0.38518136739730835
223795754394,ours,건강·의학,고름,0.0018279552459716797,-0.013492107391357422,0.5034582614898682
223639488509,ours,건강·의학,인레이 과정,-0.06372243165969849,-0.04295003414154053,0.42841607332229614
223786013522,ours,건강·의학,치아 깨졌을때,-0.02841395139694214,-0.024798274040222168,0.46654218435287476
223883326729,ours,건강·의학,앞니 사이 충치,-0.032581627368927,0.0497736930847168,0.4582313895225525
223875842051,ours,건강·의학,치수복조,-0.038891375064849854,-0.009128987789154053,0.4587975740432739
223911334860,ours,건강·의학,세라믹 인레이,-0.06413620710372925,-0.040352702140808105,0.39303651452064514
223894869681,ours,건강·의학,apicoectomy 발음,-0.08209943771362305,-0.07000201940536499,0.4200045168399811
http://blog.naver.com/yonseisdent/223388493208,competitor,건강·의학,다이아스테마,0.010902166366577148,0.029451429843902588,0.509026288986206
http://blog.naver.com/onlyonej/223640409447,competitor,건강·의학,다이아스테마,-0.014179885387420654,0.024086833000183105,0.48782840371131897
http://blog.naver.com/yleaders2875/223711724755,competitor,건강·의학,다이아스테마,-0.03536158800125122,-0.053725242614746094,0.4572465121746063
http://blog.naver.com/shine_e_dc/223749088345,competitor,건강·의학,다이아스테마,0.03447866439819336,0.024618685245513916,0.5289778113365173
http://blog.naver.com/dentikay/223843121523,competitor,건강·의학,다이아스테마,0.022452235221862793,-0.006495833396911621,0.5263156890869141
http://blog.naver.com/spriner/223880927211,competitor,건강·의학,다이아스테마,0.026549458503723145,0.012370824813842773,0.5169768333435059
http://blog.naver.com/dentigo00/223419592089,competitor,건강·의학,발치후 즉시 식립 임플란트,0.020002663135528564,0.03244447708129883,0.5143395066261292
http://blog.naver.com/genious2002/223596030759,competitor,건강·의학,발치후 즉시 식립 임플란트,0.08492571115493774,0.0027083158493041992,0.6562076807022095
http://blog.naver.com/thetuntun2/223696520262,competitor,건강·의학,동탄 앞니 레진,-0.014611899852752686,0.040321290493011475,0.4882974326610565
http://blog.naver.com/homeplant/223371626603,competitor,건강·의학,수직치근파절,0.05602747201919556,0.014995098114013672,0.5552253127098083
http://blog.naver.com/homeplant/223215509236,competitor,건강·의학,수직치근파절,0.05445951223373413,0.008146524429321289,0.5403716564178467
http://blog.naver.com/minflow7/222924492960,competitor,건강·의학,수직치근파절,0.03181874752044678,0.028017282485961914,0.5393316149711609
http://blog.naver.com/highendcase/223499340892,competitor,건강·의학,수직치근파절,0.02853548526763916,0.0015429258346557617,0.5156311988830566
http://blog.naver.com/seoultheahn1/223653915632,competitor,건강·의학,수직치근파절,0.043751060962677,0.03165090084075928,0.5432723760604858
http://blog.naver.com/joecha87/223858324862,competitor,건강·의학,수직치근파절,0.02787649631500244,-0.022572636604309082,0.5581281781196594
http://blog.naver.com/ysnaturedent/223842790418,competitor,건강·의학,수직치근파절,-0.006917357444763184,0.03214311599731445,0.49221688508987427
http://blog.naver.com/sikplant/223901957247,competitor,건강·의학,수직치근파절,0.006932318210601807,0.03473085165023804,0.5101147294044495
http://blog.naver.com/austinmarie/223482023627,competitor,건강·의학,동탄 보존과,0.08474904298782349,0.049476683139801025,0.5795153379440308
http://blog.naver.com/solk7tcowmd/222680961793,competitor,건강·의학,소구치 신경치료,0.04517483711242676,0.010017752647399902,0.5526931285858154
http://blog.naver.com/bread4000/222154140471,competitor,건강·의학,소구치 신경치료,0.04746526479721069,0.011881709098815918,0.5276558995246887
http://blog.naver.com/ddshms/223337651683,competitor,건강·의학,소구치 신경치료,0.07526618242263794,0.04531353712081909,0.569437563419342
http://blog.naver.com/richstory2825/223538716572,competitor,건강·의학,이가 까맣게,0.1095842719078064,0.07495832443237305,0.5846877098083496
http://blog.naver.com/kind-in/222609165050,competitor,건강·의학,이가 까맣게,0.06970995664596558,-0.016482770442962646,0.5678291916847229
http://blog.naver.com/harvey33/221678651687,competitor,건강·의학,동탄 미세현미경 치과,0.3929643929004669,0.054605722427368164,0.7556343078613281
http://blog.naver.com/dentalchaeum/223393878440,competitor,건강·의학,동탄 실활치미백,0.053038597106933594,-0.004210948944091797,0.5378857851028442
http://blog.naver.com/everlypenn/223058092272,competitor,건강·의학,동탄 실활치미백,0.028004348278045654,0.02115023136138916,0.5162642598152161
http://blog.naver.com/seoullamiplant/223812752978,competitor,건강·의학,동탄 실활치미백,0.00761258602142334,0.016037702560424805,0.5073137283325195
http://blog.naver.com/tyreserobertson/223021578780,competitor,건강·의학,동탄 실활치미백,-0.016553044319152832,-0.004730284214019775,0.48534536361694336
http://blog.naver.com/seoul_den/223275055743,competitor,건강·의학,소구치 충치,0.012964963912963867,0.024493932723999023,0.5096437335014343
http://blog.naver.com/eharu7/222931090060,competitor,건강·의학,소구치 충치,-0.0017862319946289062,-0.015359997749328613,0.49855902791023254
http://blog.naver.com/biomind/223409405567,competitor,건강·의학,소구치 충치,-0.02055370807647705,0.0004366636276245117,0.4788941740989685
http://blog.naver.com/godandkm/223135466715,competitor,건강·의학,신경치료,0.05165243148803711,0.05762606859207153,0.5387434959411621
http://blog.naver.com/cow991823/223464612677,competitor,건강·의학,신경치료,0.07822489738464355,0.0427241325378418,0.58903568983078
http://blog.naver.com/smgden1/223391962420,competitor,건강·의학,신경치료,0.04421710968017578,0.051716625690460205,0.5458539724349976
http://blog.naver.com/ysnaturedent/223305766753,competitor,건강·의학,신경치료,0.09447962045669556,0.06281310319900513,0.5631925463676453
http://blog.naver.com/drhong24/223521390042,competitor,건강·의학,신경치료,0.00021004676818847656,0.029271304607391357,0.5021905303001404
http://blog.naver.com/misoyangju/223099335639,competitor,건강·의학,신경치료,0.04527747631072998,0.030267715454101562,0.5388110280036926
http://blog.naver.com/wdent1_1/223375950515,competitor,건강·의학,송곳니 충치,-0.00012499094009399414,-0.03752720355987549,0.4995937943458557
http://blog.naver.com/hn-dental/223451377283,competitor,건강·의학,송곳니 충치,0.15367186069488525,0.07234340906143188,0.6119309663772583
http://blog.naver.com/djssdent1/223075540780,competitor,,송곳니 충치,0.0,,
http://blog.naver.com/wdent1_1/223276887227,competitor,건강·의학,송곳니 충치,0.06549179553985596,0.017147362232208252,0.5577936768531799
http://blog.naver.com/thebl_dent/223548515826,competitor,건강·의학,송곳니 충치,-0.019769668579101562,-0.0021584630012512207,0.4862123429775238
http://blog.naver.com/raondent2875/222871381501,competitor,건강·의학,송곳니 충치,0.04029488563537598,0.051320672035217285,0.5344037413597107
http://blog.naver.com/seoul_den/223575933691,competitor,건강·의학,송곳니 충치,0.08307188749313354,0.07335549592971802,0.5666311979293823
http://blog.naver.com/likedental/223597723475,competitor,건강·의학,송곳니 충치,0.12194603681564331,0.059316396713256836,0.6120610237121582
http://blog.naver.com/juidub/223646849703,competitor,건강·의학,송곳니 충치,-0.025422215461730957,-0.0038086771965026855,0.467083215713501
http://blog.naver.com/whtopdc1/223531370152,competitor,건강·의학,송곳니 충치,0.030534863471984863,-0.002802550792694092,0.5309925675392151
http://blog.naver.com/shongdental/223675601179,competitor,건강·의학,송곳니 충치,0.07042700052261353,0.01180720329284668,0.5593836903572083
http://blog.naver.com/seoul_den/223691451887,competitor,건강·의학,송곳니 충치,0.026239395141601562,-0.0328252911567688,0.5251061916351318
http://blog.naver.com/tiranoseven/223609983640,competitor,건강·의학,송곳니 충치,0.0013039708137512207,-0.011393070220947266,0.5013894438743591
http://blog.naver.com/timeplant9908275/223735942263,competitor,건강·의학,송곳니 충치,-0.007314741611480713,-0.016852259635925293,0.4952385127544403
http://blog.naver.com/ysdental2875/223845689879,competitor,건강·의학,송곳니 충치,-0.005995273590087891,-0.02583688497543335,0.4893365800380707
http://blog.naver.com/richstory2825/223474125257,competitor,건강·의학,아말감 2차충치,0.35563361644744873,0.09534341096878052,0.7652890086174011
http://blog.naver.com/orthofuture/223472061001,competitor,건강·의학,아말감 2차충치,-0.006140649318695068,0.004974782466888428,0.4967859089374542
http://blog.naver.com/homeplant/223338412722,competitor,건강·의학,아말감 2차충치,-0.05326119065284729,-0.05024304986000061,0.48058030009269714
http://blog.naver.com/onlyonej/223313855965,competitor,,재신경치료 기간,0.0,,
http://blog.naver.com/likedental/223445573246,competitor,건강·의학,재신경치료 기간,0.009928762912750244,0.03514063358306885,0.5147479772567749
http://blog.naver.com/honeybeevuvu/223438973879,competitor,건강·의학,재신경치료 기간,0.29200315475463867,0.10477334260940552,0.7286208271980286
http://blog.naver.com/jung_denti/223585124951,competitor,,재신경치료 기간,0.0,,
http://blog.naver.com/thenaturedent/223514389920,competitor,건강·의학,재신경치료 기간,0.01590895652770996,0.006936311721801758,0.5111308693885803
http://blog.naver.com/eark1942/223763650193,competitor,건강·의학,재신경치료 기간,0.04186922311782837,0.03012216091156006,0.5277863144874573
http://blog.naver.com/gsuf4525/223250449467,competitor,건강·의학,소구치 파절,0.014437317848205566,0.009929835796356201,0.5130936503410339
http://blog.naver.com/etondental2021/223057906085,competitor,건강·의학,치과 치질,0.002158939838409424,-0.0023775696754455566,0.5019729733467102
http://blog.naver.com/seoulshindental/223324537396,competitor,건강·의학,치과 치질,0.05901062488555908,0.06956976652145386,0.556624710559845
http://blog.naver.com/wrdc296/223534228431,competitor,건강·의학,치과 치질,0.02621549367904663,0.02013111114501953,0.5415405631065369
http://blog.naver.com/seoulplantdent/223336155699,competitor,건강·의학,치과 치질,-0.04266631603240967,0.002518177032470703,0.4395103454589844
http://blog.naver.com/51iwb1yljiuq/223883117894,competitor,건강·의학,치과 치질,-0.06272423267364502,-0.012927114963531494,0.4595135748386383
http://blog.naver.com/yonsei_joon/223880578620,competitor,건강·의학,치과 치질,-0.003398597240447998,-0.0025725960731506348,0.4991816282272339
http://blog.naver.com/geolpotopdent/223241047711,competitor,건강·의학,pulpotomy,0.025055885314941406,0.02325260639190674,0.5131473541259766
http://blog.naver.com/eharu7/223395916194,competitor,건강·의학,pulpotomy,0.01312178373336792,-0.017392873764038086,0.5128662586212158
http://blog.naver.com/dentist_joo/223364104367,competitor,건강·의학,pulpotomy,0.03135615587234497,0.040175795555114746,0.521643340587616
http://blog.naver.com/dental_sajeon/223514707605,competitor,건강·의학,pulpotomy,0.03147768974304199,0.0102769136428833,0.5196977853775024
http://blog.naver.com/dentist_joo/222901765981,competitor,건강·의학,pulpotomy,0.00985574722290039,0.03823953866958618,0.5081101655960083
http://blog.naver.com/eharu7/223663791875,competitor,건강·의학,pulpotomy,0.026880979537963867,0.0014859437942504883,0.5258098840713501
http://blog.naver.com/homeplant/223181239934,competitor,건강·의학,pulpotomy,0.025310397148132324,0.034160077571868896,0.5226582288742065
http://blog.naver.com/seoul_den/222961070443,competitor,건강·의학,pulpotomy,-0.002081751823425293,0.030493974685668945,0.4969700872898102
http://blog.naver.com/palpro857/223146002117,competitor,건강·의학,pulpotomy,0.08048295974731445,0.054330527782440186,0.5715050101280212
http://blog.naver.com/spriner/223489516388,competitor,건강·의학,동탄 레진,0.08870333433151245,0.048795461654663086,0.5549397468566895
http://blog.naver.com/dreamperio1/223347003285,competitor,건강·의학,어금니 신경치료 기간,-0.0137559175491333,0.05787616968154907,0.47906461358070374
http://blog.naver.com/inndir65/223462564315,competitor,건강·의학,어금니 신경치료 기간,0.03391999006271362,0.017046749591827393,0.5172291398048401
http://blog.naver.com/orthopia/223445768223,competitor,건강·의학,intrusion,-0.006929874420166016,0.02868521213531494,0.4948699474334717
http://blog.naver.com/digitaltop-/223478124198,competitor,건강·의학,intrusion,0.08992332220077515,0.05534130334854126,0.5543459057807922
http://blog.naver.com/goldstar10041/222977424533,competitor,비즈니스·경제,intrusion,0.9999998211860657,,
http://blog.naver.com/dent_khang/223524124773,competitor,건강·의학,intrusion,0.013248443603515625,0.03841966390609741,0.5095451474189758
http://blog.naver.com/gundentalclinic/223404325770,competitor,건강·의학,intrusion,0.03606444597244263,0.005888700485229492,0.5372291207313538
http://blog.naver.com/dentjoy/222744525994,competitor,건강·의학,intrusion,0.014042556285858154,0.06792891025543213,0.5133339762687683
http://blog.naver.com/toporth/223580598644,competitor,건강·의학,intrusion,-0.051203131675720215,0.005112111568450928,0.47140777111053467
http://blog.naver.com/ortho_ho/223645547708,competitor,건강·의학,intrusion,0.011684834957122803,0.008263170719146729,0.5070180296897888
http://blog.naver.com/joohyun3521/223707343783,competitor,비즈니스·경제,intrusion,1.0000001192092896,,
http://blog.naver.com/masterpiece2828/223484845131,competitor,건강·의학,수평치근파절,0.05819845199584961,0.004158496856689453,0.5873845219612122
http://blog.naver.com/implineyi/223456174368,competitor,건강·의학,치아 옆면 충치,0.07165664434432983,0.07023751735687256,0.5860337018966675
http://blog.naver.com/leeks9095/223476207996,competitor,건강·의학,치아 옆면 충치,0.08003705739974976,-0.015534281730651855,0.5875443816184998
http://blog.naver.com/asungdb/223408948756,competitor,건강·의학,치아 옆면 충치,0.019913196563720703,-0.0014895796775817871,0.5218178033828735
http://blog.naver.com/onlyonej/223495738991,competitor,,치아 옆면 충치,0.0,,
http://blog.naver.com/medifore0577/223569663367,competitor,건강·의학,치아 옆면 충치,-0.015494227409362793,-0.02218472957611084,0.4774077236652374
http://blog.naver.com/whgdmsthatl365/223378955846,competitor,건강·의학,치아 옆면 충치,0.06034642457962036,0.010099172592163086,0.5564676523208618
http://blog.naver.com/leestrada11/221108058238,competitor,건강·의학,치아 옆면 충치,0.021994709968566895,0.0005751848220825195,0.5308518409729004
http://blog.naver.com/raondent2875/223294397755,competitor,건강·의학,치아 옆면 충치,-0.02178025245666504,-0.007734239101409912,0.48227012157440186
http://blog.naver.com/jbdental2/223661374288,competitor,건강·의학,치아 옆면 충치,-0.015057027339935303,-0.03191864490509033,0.4797663688659668
http://blog.naver.com/yesdentalclinic/223810997124,competitor,건강·의학,치아 옆면 충치,0.006669044494628906,0.013962745666503906,0.5072793960571289
http://blog.naver.com/verysia/223875819329,competitor,건강·의학,치아 옆면 충치,0.006741523742675781,0.05387413501739502,0.5005363821983337
http://blog.naver.com/geolpotop/223254470525,competitor,건강·의학,치수괴사,-0.03628993034362793,0.024058520793914795,0.4642319977283478
http://blog.naver.com/yoonnam220/223452187895,competitor,건강·의학,치수괴사,0.04029172658920288,-0.02159559726715088,0.5420154929161072
http://blog.naver.com/sosa2275/222641332903,competitor,건강·의학,치수괴사,0.021458417177200317,0.014150738716125488,0.5122759342193604
http://blog.naver.com/onlyonej/223328512744,competitor,,치수괴사,0.0,,
http://blog.naver.com/abledental02/223487031776,competitor,건강·의학,치수괴사,0.04367530345916748,0.03553736209869385,0.531103789806366
http://blog.naver.com/abledental02/223175044241,competitor,건강·의학,치수괴사,0.051044344902038574,0.031052112579345703,0.5372449159622192
http://blog.naver.com/smileplantdc/222643563153,competitor,건강·의학,치수괴사,0.4414927065372467,0.030237793922424316,0.6940876841545105
http://blog.naver.com/babaortho/223110681986,competitor,건강·의학,치수괴사,-0.013399839401245117,0.010187029838562012,0.48497438430786133
http://blog.naver.com/insc1165/223728934163,competitor,건강·의학,치수괴사,0.003992617130279541,0.0014377236366271973,0.5053184032440186
http://blog.naver.com/uldental/223326249746,competitor,건강·의학,치수괴사,0.1586318016052246,0.0392836332321167,0.6095740795135498
http://blog.naver.com/uldental/223330190447,competitor,건강·의학,치수괴사,0.7549193501472473,0.09457969665527344,0.8941879272460938
http://blog.naver.com/yoonnam220/223499247841,competitor,건강·의학,전치부 브릿지,-0.01739501953125,0.0004385709762573242,0.48589202761650085
http://blog.naver.com/richstory2825/223381236630,competitor,건강·의학,전치부 브릿지,0.06722790002822876,0.06847149133682251,0.5491071939468384
http://blog.naver.com/shineteeth/223359660925,competitor,건강·의학,앞니 외상,0.05902206897735596,0.052598536014556885,0.5526412129402161
http://blog.naver.com/we_create_your_smile/223668336301,competitor,건강·의학,앞니 외상,0.04195648431777954,0.06276583671569824,0.5400216579437256
http://blog.naver.com/y3yaa/222925181725,competitor,건강·의학,동탄역 사랑니,0.4883710741996765,0.11436611413955688,0.8391097784042358
http://blog.naver.com/aud049/223802708992,competitor,건강·의학,동탄역 사랑니,0.4599360227584839,0.09911417961120605,0.7556997537612915
http://blog.naver.com/shineteeth/223406683410,competitor,건강·의학,교정 후 미백,0.005005359649658203,0.03308135271072388,0.5044214129447937
http://blog.naver.com/99dkdk/223439034984,competitor,건강·의학,교정 후 미백,0.027879297733306885,0.03127133846282959,0.5247342586517334
http://blog.naver.com/yleaders2875/222692417499,competitor,건강·의학,교정 후 미백,-0.04258084297180176,-0.030096769332885742,0.46558454632759094
http://blog.naver.com/dentist_ahn/223536832816,competitor,건강·의학,교정 후 미백,0.05751317739486694,0.00909125804901123,0.5671573281288147
http://blog.naver.com/sunnyflow/223537494273,competitor,건강·의학,교정 후 미백,0.638222336769104,0.0786600112915039,0.8841249346733093
http://blog.naver.com/ddaydent/223694525371,competitor,건강·의학,교정 후 미백,0.03391587734222412,0.02113652229309082,0.5389382839202881
http://blog.naver.com/kindhyun111/223441672769,competitor,건강·의학,골드인레이 탈락,-0.058119356632232666,0.053159475326538086,0.4432831406593323
http://blog.naver.com/snow7528/223413295676,competitor,건강·의학,인레이 파절,0.05665326118469238,0.08540382981300354,0.5393837690353394
http://blog.naver.com/anatole0613/223342691039,competitor,건강·의학,인레이 파절,0.011633098125457764,0.022818326950073242,0.511924684047699
http://blog.naver.com/daradentistry/223365081841,competitor,건강·의학,인레이 파절,0.044359803199768066,0.002058088779449463,0.5928950905799866
http://blog.naver.com/sunnyflow/223479422150,competitor,건강·의학,인레이 파절,0.37667280435562134,0.07881966233253479,0.7142016887664795
http://blog.naver.com/opendent_/223439212914,competitor,건강·의학,어른 유치,-0.014354526996612549,-0.012924671173095703,0.4926992356777191
http://blog.naver.com/uprightdental/222555135622,competitor,건강·의학,어른 유치,-0.00848931074142456,-0.0016487836837768555,0.49280011653900146
http://blog.naver.com/sam_dentalclinic/222948796993,competitor,건강·의학,어른 유치,0.040860116481781006,0.025065571069717407,0.5235694050788879
http://blog.naver.com/seoul_el/222824188082,competitor,건강·의학,어른 유치,-0.013902664184570312,-0.030188679695129395,0.4875314235687256
http://blog.naver.com/bgdental88/223700100470,competitor,건강·의학,어른 유치,0.014068245887756348,-0.039097607135772705,0.5126715898513794
http://blog.naver.com/myden0/222953113933,competitor,건강·의학,어른 유치,0.03539329767227173,-0.04162555932998657,0.5252560973167419
http://blog.naver.com/omskhs/223343448123,competitor,교육·학문,iarpd,0.9999998807907104,,
http://blog.naver.com/minplus4/223394761477,competitor,,iarpd,0.0,,
http://blog.naver.com/dental_sajeon/223510436243,competitor,건강·의학,iarpd,0.04013568162918091,0.02826148271560669,0.5281831622123718
http://blog.naver.com/jinsimplant/223677143285,competitor,건강·의학,iarpd,0.10537546873092651,0.045409590005874634,0.5456506013870239
http://blog.naver.com/yoondentalclinic/223688364608,competitor,,iarpd,0.0,,
http://blog.naver.com/ejprinces321/223359285640,competitor,건강·의학,iarpd,0.060075581073760986,0.04095458984375,0.5427387356758118
http://blog.naver.com/ysdoldam/223548343619,competitor,건강·의학,깨진 이,0.05375182628631592,0.030975818634033203,0.5858897566795349
http://blog.naver.com/dent9660xnaud/223222371693,competitor,건강·의학,깨진 이,0.012343764305114746,-0.039766788482666016,0.5121893286705017
http://blog.naver.com/ocdental/223396978789,competitor,건강·의학,상악동 거상술,0.04787784814834595,-0.03910636901855469,0.5450552701950073
http://blog.naver.com/hangroo11/223427992808,competitor,건강·의학,상악동 거상술,0.0450858473777771,-0.04473334550857544,0.5635126233100891
http://blog.naver.com/bargaain7630/223573302539,competitor,건강·의학,상악동 거상술,0.05068540573120117,0.047280073165893555,0.5406082272529602
http://blog.naver.com/fantasistah/223618232973,competitor,건강·의학,상악동 거상술,0.020435631275177002,-0.00932013988494873,0.5226876139640808
http://blog.naver.com/allcarelime/223639384193,competitor,건강·의학,상악동 거상술,-0.01583153009414673,-0.045832931995391846,0.48550742864608765
http://blog.naver.com/mylife2879/223402693471,competitor,건강·의학,상악동 거상술,0.0006347894668579102,0.01541447639465332,0.4977681636810303
http://blog.naver.com/hangroomapo/223649651848,competitor,건강·의학,상악동 거상술,0.0450858473777771,-0.04473334550857544,0.5635126233100891
http://blog.naver.com/diamond_rang/223445336473,competitor,건강·의학,상악동 거상술,0.06877624988555908,0.08638620376586914,0.5541009306907654
http://blog.naver.com/barumdental6000/223469925232,competitor,건강·의학,틀니 의료보험,-0.02392786741256714,0.014824867248535156,0.472034752368927
http://blog.naver.com/luckybora87/223621334774,competitor,건강·의학,틀니 의료보험,0.04969441890716553,0.035524964332580566,0.5231185555458069
http://blog.naver.com/bibibit2020/223554876372,competitor,건강·의학,이가 깨졌어요,-0.02861112356185913,0.045781224966049194,0.48691031336784363
http://blog.naver.com/okgyerodem7/223756514730,competitor,건강·의학,이가 깨졌어요,0.09813600778579712,-0.0037577152252197266,0.6199787259101868
http://blog.naver.com/mate10184/223783398510,competitor,건강·의학,이가 깨졌어요,0.05042320489883423,0.05315059423446655,0.5489968657493591
http://blog.naver.com/megaplanthj/223660393246,competitor,건강·의학,이가 깨졌어요,0.00798410177230835,0.0050525665283203125,0.5160931348800659
http://blog.naver.com/poev3491/223379934833,competitor,건강·의학,아래 어금니 발치,0.05818659067153931,0.0264035165309906,0.5277379155158997
http://blog.naver.com/lhy9024/223050679711,competitor,건강·의학,교정 앞니 흔들림,0.5078826546669006,0.12181484699249268,0.8744688630104065
http://blog.naver.com/seoulclear_ap/223316546680,competitor,건강·의학,교정 앞니 흔들림,0.03976452350616455,0.0712815523147583,0.5310862064361572
http://blog.naver.com/sunnyflow/223558292657,competitor,건강·의학,치아 브릿지 교체,0.5291880369186401,0.05762128531932831,0.7501154541969299
http://blog.naver.com/likedental/223518437040,competitor,건강·의학,치아 브릿지 교체,0.053647398948669434,0.03842818737030029,0.5329494476318359
http://blog.naver.com/ysnamkisedental/223634770336,competitor,건강·의학,치아 브릿지 교체,0.06080055236816406,0.06583529710769653,0.5364400744438171
http://blog.naver.com/thelifedc866/223427492432,competitor,건강·의학,치아 브릿지 교체,-0.007903814315795898,-0.03575778007507324,0.4916561543941498
http://blog.naver.com/ucdental2875/223678796448,competitor,건강·의학,치아 브릿지 교체,0.0003326237201690674,0.011826783418655396,0.4995133578777313
http://blog.naver.com/spriner/223786275391,competitor,건강·의학,치아 브릿지 교체,0.06636244058609009,-0.004369020462036133,0.5764672160148621
http://blog.naver.com/ysansim/223865439059,competitor,건강·의학,치아 브릿지 교체,-0.009428441524505615,0.0006489753723144531,0.4862208664417267
http://blog.naver.com/morelovedental2/223453318262,competitor,건강·의학,동탄 라미네이트,0.053685545921325684,0.02104628086090088,0.5336890816688538
http://blog.naver.com/ysgo287555/223557035701,competitor,건강·의학,동탄 라미네이트,0.04463690519332886,0.0030072927474975586,0.5388529896736145
http://blog.naver.com/seoullamiplant/223619961900,competitor,건강·의학,동탄 라미네이트,0.03973186016082764,-0.017311453819274902,0.5422760844230652
http://blog.naver.com/sdfgsdgbcx62/223616124980,competitor,건강·의학,치과 엔도,0.04031187295913696,0.07068181037902832,0.5309205651283264
http://blog.naver.com/365_ssplant/223631486810,competitor,건강·의학,치과 엔도,-0.009699225425720215,0.010296940803527832,0.48552894592285156
http://blog.naver.com/seoulbarundt/221772505161,competitor,IT·컴퓨터,치과 엔도,1.0,,
http://blog.naver.com/raondent2875/223717706196,competitor,건강·의학,치과 엔도,0.011615753173828125,0.01507258415222168,0.5116481184959412
http://blog.naver.com/eutteumdc/223737133671,competitor,건강·의학,치과 엔도,0.023559391498565674,0.011371195316314697,0.5333764553070068
http://blog.naver.com/tlswkdel/223584374368,competitor,건강·의학,앞니 깨짐,0.03316110372543335,0.0003959536552429199,0.5328563451766968
http://blog.naver.com/my_provence/223567825411,competitor,건강·의학,앞니 깨짐,0.07062292098999023,0.03783231973648071,0.5435003042221069
http://blog.naver.com/sunnyflow/223620384486,competitor,건강·의학,앞니 깨짐,0.7215525507926941,0.09368301928043365,0.9235053658485413
http://blog.naver.com/flyingkdg/223470761827,competitor,건강·의학,앞니 깨짐,0.007921338081359863,0.03355073928833008,0.5105811357498169
http://blog.naver.com/ysnamkisedental/223644800078,competitor,건강·의학,앞니 깨짐,0.42258891463279724,0.09462305903434753,0.807571291923523
http://blog.naver.com/8s6ttr/223857698130,competitor,건강·의학,신경치료 후 잇몸 변색,0.08846157789230347,-0.005762457847595215,0.5727651119232178
http://blog.naver.com/ampr12/223830755260,competitor,건강·의학,신경치료 후 잇몸 변색,0.017706751823425293,0.02854609489440918,0.519216775894165
http://blog.naver.com/highendcase/223441901452,competitor,건강·의학,신경치료 후 잇몸 변색,0.02871459722518921,0.02644878625869751,0.5351207256317139
http://blog.naver.com/cdhnation/223763838296,competitor,건강·의학,잇몸퇴축 임플란트,0.044394075870513916,0.033512115478515625,0.5433754324913025
http://blog.naver.com/seoul_el/223736276950,competitor,건강·의학,잇몸퇴축 임플란트,0.017642617225646973,0.011869192123413086,0.512969434261322
http://blog.naver.com/dentalsnow/223619496538,competitor,건강·의학,인레이 과정,0.07733303308486938,0.02375030517578125,0.5519242286682129
http://blog.naver.com/gkdkrlwkrl2/223555766835,competitor,건강·의학,인레이 과정,0.04720008373260498,0.022840499877929688,0.5343374609947205
http://blog.naver.com/ethinkdent1/223832956214,competitor,건강·의학,인레이 과정,0.0735098123550415,0.077392578125,0.5686242580413818
http://blog.naver.com/barundent2017/223801126420,competitor,건강·의학,인레이 과정,0.045633018016815186,0.03360879421234131,0.5458046197891235
http://blog.naver.com/jieumdent/223687545222,competitor,건강·의학,인레이 속 충치,0.022196590900421143,0.006151914596557617,0.5339586138725281
http://blog.naver.com/jung_denti/223272926843,competitor,,흔들리는 치아 신경치료,0.0,,
http://blog.naver.com/greenscout90/223420898955,competitor,건강·의학,흔들리는 치아 신경치료,0.016088008880615234,0.03164559602737427,0.5281693935394287
http://blog.naver.com/ysdent21/223696887382,competitor,건강·의학,흔들리는 치아 신경치료,0.007323801517486572,0.01346588134765625,0.507178783416748
http://blog.naver.com/huplus2828/223203521938,competitor,건강·의학,흔들리는 치아 신경치료,0.09232378005981445,0.008389830589294434,0.6224040985107422
http://blog.naver.com/orsaydent/223775275327,competitor,건강·의학,흔들리는 치아 신경치료,0.0793498158454895,-0.016459286212921143,0.6049944162368774
http://blog.naver.com/dentalbeing/222984776801,competitor,건강·의학,아랫니 브릿지,0.056675612926483154,-0.01277148723602295,0.5723044276237488
http://blog.naver.com/dlskadne1/222754200247,competitor,건강·의학,아랫니 브릿지,0.13249173760414124,0.049347758293151855,0.5552765130996704
http://blog.naver.com/fantasistah/222490154132,competitor,건강·의학,아랫니 브릿지,-0.0408780574798584,-1.3232231140136719e-05,0.45689845085144043
http://blog.naver.com/onedayclinic_/223766729054,competitor,건강·의학,아랫니 브릿지,0.05053591728210449,0.04919189214706421,0.5403594970703125
http://blog.naver.com/dent2019/222024556398,competitor,건강·의학,앞니 신경치료 후 통증,0.01885312795639038,0.041485369205474854,0.5162246227264404
http://blog.naver.com/myden0/222875109572,competitor,건강·의학,앞니 신경치료 후 통증,0.0826575756072998,0.07301241159439087,0.5627447366714478
http://blog.naver.com/onaonam2815/223570925901,competitor,건강·의학,앞니 신경치료 후 통증,0.07750117778778076,0.05412888526916504,0.5759740471839905
http://blog.naver.com/seoulbbans/223713971948,competitor,건강·의학,앞니 신경치료 후 통증,0.05069625377655029,0.02258962392807007,0.576818585395813
http://blog.naver.com/hiofn031/223757929203,competitor,건강·의학,앞니 신경치료 후 통증,0.01706993579864502,0.029526591300964355,0.5115790963172913
http://blog.naver.com/ship10416/223691219754,competitor,건강·의학,어금니 레진 깨짐,0.030559539794921875,-0.014654755592346191,0.5336492657661438
http://blog.naver.com/leeks9095/223634681931,competitor,건강·의학,어금니 레진 깨짐,0.0244329571723938,-0.014128804206848145,0.5291300415992737
http://blog.naver.com/doctorbaesh1/223705725215,competitor,건강·의학,어금니 레진 깨짐,-0.04425168037414551,0.018646061420440674,0.4602152407169342
http://blog.naver.com/likedental/223746426932,competitor,건강·의학,어금니 레진 깨짐,0.03808462619781494,0.033667802810668945,0.5331308245658875
http://blog.naver.com/likedental/223746426932,competitor,건강·의학,어금니 사이 충치,0.03808462619781494,0.033667802810668945,0.5331308245658875
http://blog.naver.com/6530000grand/223825969748,competitor,건강·의학,어금니 레진 깨짐,-0.00023043155670166016,-0.03777974843978882,0.49883562326431274
http://blog.naver.com/doctorbaesh/223716253720,competitor,건강·의학,어금니 레진 깨짐,-0.033406734466552734,0.029439330101013184,0.4704044759273529
http://blog.naver.com/cjh1124410/223842025724,competitor,건강·의학,어금니 레진 깨짐,0.06521707773208618,0.09681326150894165,0.5610964894294739
http://blog.naver.com/ilsantopdental/223551819015,competitor,건강·의학,신경치료 후 염증,0.06421315670013428,-0.01064002513885498,0.5830752849578857
http://blog.naver.com/onlyonej/223604799198,competitor,,신경치료 후 염증,0.0,,
http://blog.naver.com/onlyonej/223676418020,competitor,,신경치료 후 염증,0.0,,
http://blog.naver.com/jjongk1011/223661303304,competitor,건강·의학,신경치료 후 염증,0.03677523136138916,0.04450249671936035,0.5438016653060913
http://blog.naver.com/ystodaydental/223676210531,competitor,건강·의학,신경치료 후 염증,0.4787522554397583,0.10846477746963501,0.8250225186347961
http://blog.naver.com/highendcase/223755878515,competitor,건강·의학,신경치료 후 염증,0.08965080976486206,0.01331329345703125,0.5662208795547485
http://blog.naver.com/feeldental2080/223760458372,competitor,건강·의학,신경치료 후 염증,0.04514932632446289,0.04622292518615723,0.5648235082626343
http://blog.naver.com/yyseo09/223610230312,competitor,건강·의학,신경치료 후 염증,0.07287454605102539,0.014694154262542725,0.5811326503753662
http://blog.naver.com/hdy2569/220935393372,competitor,건강·의학,크라운 잇몸 내려앉음,0.03137630224227905,0.014186739921569824,0.531953752040863
http://blog.naver.com/ucdentalclinic/222219530176,competitor,건강·의학,크라운 잇몸 내려앉음,-0.06498277187347412,0.044749438762664795,0.4647965133190155
http://blog.naver.com/tiranoseven/223723600647,competitor,건강·의학,크라운 잇몸 내려앉음,0.09009814262390137,0.005250215530395508,0.5964882969856262
http://blog.naver.com/flyingkdg/223277542972,competitor,건강·의학,크라운 잇몸 내려앉음,0.05228555202484131,0.056545257568359375,0.536470890045166
http://blog.naver.com/seoul_den/223185963166,competitor,건강·의학,크라운 잇몸 내려앉음,0.03831934928894043,-0.0037668943405151367,0.5416886210441589
http://blog.naver.com/ytgyyh/223756744697,competitor,건강·의학,크라운 잇몸 내려앉음,0.03738832473754883,0.013895928859710693,0.5302627682685852
http://blog.naver.com/homeplant/223649197338,competitor,건강·의학,어금니 사이 충치,0.05640876293182373,0.015129327774047852,0.552689790725708
http://blog.naver.com/vegandentist/223423227568,competitor,건강·의학,어금니 사이 충치,0.005731463432312012,0.021612882614135742,0.5047312378883362
http://blog.naver.com/likedental/223668725041,competitor,건강·의학,어금니 사이 충치,0.09453344345092773,0.06641721725463867,0.5810815095901489
http://blog.naver.com/onlyonej/223300887583,competitor,,어금니 사이 충치,0.0,,
http://blog.naver.com/dent2500/223736841799,competitor,건강·의학,어금니 사이 충치,0.007757782936096191,0.02963411808013916,0.5027949810028076
http://blog.naver.com/jieumdent/223763539725,competitor,건강·의학,어금니 사이 충치,0.02707493305206299,-0.010040819644927979,0.5272809267044067
http://blog.naver.com/jieumdent/223763539725,competitor,건강·의학,인접면 인레이,0.02707493305206299,-0.010040819644927979,0.5272809267044067
http://blog.naver.com/homeplant/223543852165,competitor,건강·의학,어금니 사이 충치,0.06243717670440674,0.02931535243988037,0.5666248798370361
http://blog.naver.com/tldusdbs12/223331249388,competitor,건강·의학,어금니 충치 레진,0.02007615566253662,0.03958684206008911,0.5145407915115356
http://blog.naver.com/seoulsmart1/223676141849,competitor,건강·의학,어금니 충치 레진,0.02229022979736328,0.02895885705947876,0.5168031454086304
http://blog.naver.com/likedental/223500199050,competitor,건강·의학,어금니 충치 레진,0.16933214664459229,0.1021152138710022,0.6170542240142822
http://blog.naver.com/dentigo00/223666183972,competitor,건강·의학,어금니 충치 레진,-0.01686924695968628,0.05824542045593262,0.47896647453308105
http://blog.naver.com/wisdomdent/223710418448,competitor,건강·의학,어금니 충치 레진,0.028119802474975586,-0.014941394329071045,0.5391699075698853
http://blog.naver.com/choilee_dent/223748412947,competitor,건강·의학,어금니 충치 레진,0.048233628273010254,-0.03617435693740845,0.5616149306297302
http://blog.naver.com/ucdental2875/223759115763,competitor,건강·의학,어금니 충치 레진,0.043058574199676514,0.04246801137924194,0.5216104388237
http://blog.naver.com/barundent2017/223564084767,competitor,건강·의학,어금니 충치 레진,0.033696889877319336,0.04712790250778198,0.5290193557739258
http://blog.naver.com/bodaholic/223842487880,competitor,건강·의학,어금니 충치 레진,0.03865039348602295,0.026209354400634766,0.5312480330467224
http://blog.naver.com/missruby04/223814627788,competitor,건강·의학,어금니 충치 레진,-0.01280134916305542,0.008926093578338623,0.49224424362182617
http://blog.naver.com/heyu1012/223683534755,competitor,건강·의학,앞니 잇몸 통증,0.08109861612319946,0.011251747608184814,0.5747784376144409
http://blog.naver.com/seoul_den/223520419770,competitor,건강·의학,앞니 잇몸 통증,0.09525346755981445,0.025438308715820312,0.6321433782577515
http://blog.naver.com/seoul_den/223520419770,competitor,건강·의학,앞니 신경치료,0.09525346755981445,0.025438308715820312,0.6321433782577515
http://blog.naver.com/dreamperio1/223627823847,competitor,건강·의학,앞니 잇몸 통증,0.019389748573303223,0.054663002490997314,0.525087833404541
http://blog.naver.com/cjh1124410/223711186151,competitor,건강·의학,앞니 잇몸 통증,0.011746048927307129,0.018690288066864014,0.5127682685852051
http://blog.naver.com/soogi123/223757773982,competitor,건강·의학,앞니 잇몸 통증,0.04323500394821167,0.04948222637176514,0.5321064591407776
http://blog.naver.com/zangdak81/223451705297,competitor,건강·의학,오버덴쳐,0.05110609531402588,0.005479753017425537,0.5381654500961304
http://blog.naver.com/dentistpky/223407458396,competitor,건강·의학,오버덴쳐,0.04139143228530884,0.021890997886657715,0.5288179516792297
http://blog.naver.com/xsfirmmype/223435387171,competitor,건강·의학,오버덴쳐,0.08353877067565918,0.02840632200241089,0.5610675811767578
http://blog.naver.com/dears_jw/223623127617,competitor,건강·의학,오버덴쳐,0.08663380146026611,0.04430699348449707,0.5473667979240417
http://blog.naver.com/ucdental2875/223693308912,competitor,건강·의학,오버덴쳐,0.08551901578903198,0.06128162145614624,0.5321659445762634
http://blog.naver.com/buydea/223718837284,competitor,건강·의학,오버덴쳐,0.08270639181137085,0.025611042976379395,0.5621947050094604
http://blog.naver.com/michelan2012/223747602017,competitor,건강·의학,오버덴쳐,0.04241037368774414,0.027706503868103027,0.5462689995765686
http://blog.naver.com/suseongibdent/223693400047,competitor,건강·의학,오버덴쳐,-0.0032802224159240723,-0.0035359859466552734,0.49345552921295166
http://blog.naver.com/dent_hoon/223804489518,competitor,건강·의학,오버덴쳐,0.07827097177505493,-0.010054588317871094,0.5806166529655457
http://blog.naver.com/homeplant/223178286490,competitor,건강·의학,치수복조술,0.11559808254241943,0.06294047832489014,0.6151576638221741
http://blog.naver.com/eroumdent7575/223712407074,competitor,건강·의학,치수복조술,0.049459099769592285,0.02996593713760376,0.5362217426300049
http://blog.naver.com/dentistpky/223466600541,competitor,건강·의학,치수복조술,0.03421318531036377,0.03401446342468262,0.5321187376976013
http://blog.naver.com/homeplant/223288338462,competitor,건강·의학,치수복조술,0.08924973011016846,0.04107475280761719,0.5692179203033447
http://blog.naver.com/ysjuan/223516095324,competitor,건강·의학,치수복조술,0.011890292167663574,-0.00042897462844848633,0.5121455788612366
http://blog.naver.com/eroumdent7575/223834256802,competitor,건강·의학,치수복조술,0.05367875099182129,0.0022695064544677734,0.5612626075744629
http://blog.naver.com/barundent2017/223552051157,competitor,건강·의학,앞니 신경치료 후 변색,0.02245199680328369,0.03666698932647705,0.5189207792282104
http://blog.naver.com/likedental/223755583597,competitor,건강·의학,앞니 신경치료 후 변색,0.10281103849411011,0.07406753301620483,0.561669111251831
http://blog.naver.com/dentbusik/223677358561,competitor,건강·의학,어금니 잇몸 퇴축,0.03278470039367676,0.01218324899673462,0.5508542656898499
http://blog.naver.com/onaonam2815/223598788885,competitor,건강·의학,내려간 잇몸,0.059787213802337646,0.031203269958496094,0.5971531271934509
http://blog.naver.com/toporth/223293325553,competitor,건강·의학,내려간 잇몸,0.02380472421646118,0.03623461723327637,0.5230631828308105
http://blog.naver.com/seoul_den/223573701973,competitor,건강·의학,내려간 잇몸,0.06790226697921753,0.06066042184829712,0.5328946709632874
http://blog.naver.com/ansim0102/223448289078,competitor,건강·의학,내려간 잇몸,0.017554938793182373,0.03748816251754761,0.5269184112548828
http://blog.naver.com/365jaju/223799511806,competitor,건강·의학,내려간 잇몸,0.0668562650680542,-0.005183577537536621,0.5986106991767883
http://blog.naver.com/indentist/223832506291,competitor,건강·의학,내려간 잇몸,0.008548974990844727,0.015019059181213379,0.5084152221679688
http://blog.naver.com/sunnyflow/223725549149,competitor,건강·의학,앞니 벌어짐,-0.014606356620788574,0.005051910877227783,0.4857823848724365
http://blog.naver.com/homeplant/223479420579,competitor,건강·의학,앞니 벌어짐,0.10911500453948975,0.08564704656600952,0.5727653503417969
http://blog.naver.com/oia_87/223769678773,competitor,건강·의학,앞니 벌어짐,0.08641970157623291,0.0069293975830078125,0.5732808113098145
http://blog.naver.com/ucdental2875/223793200640,competitor,건강·의학,앞니 벌어짐,-0.011305510997772217,0.04242178797721863,0.4946424663066864
http://blog.naver.com/granddental/223607337604,competitor,건강·의학,앞니 벌어짐,0.03819817304611206,-0.017743945121765137,0.5360113978385925
http://blog.naver.com/jsmalltesto298/223859933119,competitor,건강·의학,앞니 벌어짐,-0.045801132917404175,0.008741647005081177,0.4770277142524719
http://blog.naver.com/sunnyflow/223896837690,competitor,건강·의학,앞니 벌어짐,0.04033142328262329,0.023936212062835693,0.5262335538864136
http://blog.naver.com/fantasistah/223532118572,competitor,건강·의학,앞니 신경치료,0.01264280080795288,-0.0109175443649292,0.5112625956535339
http://blog.naver.com/seoul_den/223563002187,competitor,건강·의학,앞니 신경치료,0.05172014236450195,0.07315582036972046,0.5379514098167419
http://blog.naver.com/sunnyflow/223661626659,competitor,건강·의학,앞니 신경치료,0.7286646962165833,0.10503190755844116,0.9467172622680664
http://blog.naver.com/seoul_den/223651364010,competitor,건강·의학,앞니 신경치료,0.00939267873764038,0.007113456726074219,0.5099559426307678
http://blog.naver.com/a18032/223766403010,competitor,건강·의학,앞니 신경치료,0.07277965545654297,0.04235541820526123,0.5525094866752625
http://blog.naver.com/fantasistah/223717550635,competitor,건강·의학,앞니 신경치료,-0.019233763217926025,0.020692884922027588,0.47881484031677246
http://blog.naver.com/seoul_den/223686589189,competitor,건강·의학,앞니 신경치료,0.05133497714996338,0.004487574100494385,0.5817808508872986
http://blog.naver.com/fantasistah/223771608574,competitor,건강·의학,앞니 신경치료,0.000764012336730957,0.030473530292510986,0.5012268424034119
http://blog.naver.com/likedental/223598343333,competitor,건강·의학,어금니 잇몸 내려앉음,0.054955244064331055,0.046447694301605225,0.5439137816429138
http://blog.naver.com/piro1229/223438695508,competitor,건강·의학,어금니 잇몸 내려앉음,0.08782988786697388,0.021064460277557373,0.5866948366165161
http://blog.naver.com/lghmink2002/223791118538,competitor,건강·의학,어금니 잇몸 내려앉음,0.09368407726287842,0.04184603691101074,0.5980773568153381
http://blog.naver.com/365jaju/223749636169,competitor,건강·의학,어금니 잇몸 내려앉음,0.03684109449386597,-0.030845999717712402,0.5613732933998108
http://blog.naver.com/myden0/221248502832,competitor,건강·의학,어금니 잇몸 내려앉음,0.06986945867538452,-0.0019020438194274902,0.5825143456459045
http://blog.naver.com/myden0/223235496179,competitor,건강·의학,치근단절제술 통증,0.002731919288635254,0.03330671787261963,0.5044540762901306
http://blog.naver.com/likedental/223583139261,competitor,건강·의학,치근단절제술 통증,0.0975029468536377,0.06510913372039795,0.5738154649734497
http://blog.naver.com/onlyonej/223542545713,competitor,,치근단절제술 통증,0.0,,
http://blog.naver.com/mmalbum/223681482836,competitor,건강·의학,치근단절제술 통증,0.025453925132751465,0.012471914291381836,0.5286348462104797
http://blog.naver.com/neo0628/223493861412,competitor,건강·의학,치근단절제술 통증,-0.0253259539604187,0.02985835075378418,0.47246459126472473
http://blog.naver.com/jjinppang_0/223397295778,competitor,건강·의학,치근단절제술 통증,0.029378175735473633,0.04901057481765747,0.5238290429115295
http://blog.naver.com/mmalbum/223779908556,competitor,건강·의학,치근단절제술 통증,-0.013657629489898682,0.04246211051940918,0.49109670519828796
http://blog.naver.com/verysia/223836404523,competitor,건강·의학,치근단절제술 통증,0.03186392784118652,0.0007972121238708496,0.5643378496170044
http://blog.naver.com/ysnaturedent/223833628515,competitor,건강·의학,치근단절제술 통증,0.028038501739501953,0.04447072744369507,0.5335641503334045
http://blog.naver.com/dyugyxwxj/223841908406,competitor,건강·의학,치근단절제술 통증,0.005528748035430908,0.0478212833404541,0.5057287216186523
http://blog.naver.com/beyondsh/223889766823,competitor,건강·의학,치근단절제술 통증,0.05948871374130249,0.009838342666625977,0.5621218085289001
http://blog.naver.com/ansim0102/223882845354,competitor,건강·의학,치근단절제술 통증,0.13032042980194092,0.07275146245956421,0.6588519215583801
http://blog.naver.com/yonsei-sevdent/223451512593,competitor,건강·의학,앞니 끝 깨짐,-0.025963425636291504,0.02917003631591797,0.46842101216316223
http://blog.naver.com/ojh8016/223632885511,competitor,건강·의학,앞니 끝 깨짐,-0.017851948738098145,0.021088719367980957,0.4771207273006439
http://blog.naver.com/yesplant0405/223677150609,competitor,건강·의학,앞니 끝 깨짐,0.05811941623687744,0.05619001388549805,0.5324082970619202
http://blog.naver.com/joecha87/223669681191,competitor,건강·의학,앞니 끝 깨짐,0.04249536991119385,0.044208526611328125,0.5444959402084351
http://blog.naver.com/dreamperio1/223718043906,competitor,건강·의학,앞니 끝 깨짐,0.04634791612625122,0.052402228116989136,0.5214719772338867
http://blog.naver.com/carjhr0710/223738439482,competitor,건강·의학,앞니 끝 깨짐,-0.07237565517425537,0.04012864828109741,0.43747130036354065
http://blog.naver.com/barumdental6000/223767194934,competitor,건강·의학,앞니 끝 깨짐,0.003628671169281006,0.036379873752593994,0.49936267733573914
http://blog.naver.com/rememberdental/223667383575,competitor,건강·의학,앞니 끝 깨짐,-8.022785186767578e-05,0.041136980056762695,0.4959322214126587
http://blog.naver.com/barundent2017/223724580190,competitor,건강·의학,앞니 끝 깨짐,-0.011289000511169434,0.016630589962005615,0.49115559458732605
http://blog.naver.com/ethinkdent1/223818514793,competitor,건강·의학,앞니 끝 깨짐,0.07928359508514404,0.08304595947265625,0.5558427572250366
http://blog.naver.com/fantasistah/223435352902,competitor,건강·의학,치외치,0.01600325107574463,0.044751882553100586,0.5172744989395142
http://blog.naver.com/sunnyflow/223541235122,competitor,건강·의학,치외치,0.3160786032676697,0.05728107690811157,0.7582787275314331
http://blog.naver.com/kuhun5034/223708884237,competitor,건강·의학,치외치,0.0037131905555725098,-0.007066547870635986,0.5035842657089233
http://blog.naver.com/solk7tcowmd/223794087529,competitor,건강·의학,치외치,-0.014221906661987305,-0.04105585813522339,0.4837973117828369
http://blog.naver.com/simple-clear1/223882302341,competitor,건강·의학,치외치,0.07302159070968628,0.02106255292892456,0.5981838703155518
http://blog.naver.com/leesy_8520/223609391288,competitor,건강·의학,세라믹 레진,0.046045899391174316,0.05444896221160889,0.538804292678833
http://blog.naver.com/anatole0613/223632702484,competitor,건강·의학,세라믹 레진,0.10840779542922974,0.06019127368927002,0.5712093710899353
http://blog.naver.com/omymedis/223619369754,competitor,건강·의학,세라믹 레진,0.016527771949768066,0.01979154348373413,0.5162402987480164
http://blog.naver.com/springcalm1/223729643523,competitor,건강·의학,세라믹 레진,0.2690376043319702,0.09127438068389893,0.6744424700737
http://blog.naver.com/dentistsale/223683145864,competitor,건강·의학,세라믹 레진,0.006622970104217529,-0.04704850912094116,0.5034040212631226
http://blog.naver.com/whitedc0902/223736766818,competitor,건강·의학,세라믹 레진,0.03456246852874756,0.02701014280319214,0.522318422794342
http://blog.naver.com/fantasistah/223633016287,competitor,건강·의학,앞니 재신경치료,0.030840516090393066,0.03930974006652832,0.5294007658958435
http://blog.naver.com/seoulbbans/223510827865,competitor,건강·의학,앞니 재신경치료,-0.09302908182144165,0.022235631942749023,0.4298037886619568
http://blog.naver.com/onlyonej/223632399752,competitor,,앞니 재신경치료,0.0,,
http://blog.naver.com/daradentistry/223181566675,competitor,건강·의학,앞니 재신경치료,0.03222006559371948,-0.016023635864257812,0.5458278059959412
http://blog.naver.com/honeycho_a/222276546635,competitor,건강·의학,앞니 재신경치료,0.7517910003662109,0.1028936356306076,0.8824149370193481
http://blog.naver.com/highendcase/223685165089,competitor,건강·의학,앞니 재신경치료,0.034469544887542725,0.0067359209060668945,0.5347513556480408
http://blog.naver.com/myden0/223235784936,competitor,건강·의학,앞니 재신경치료,0.08565765619277954,0.0631018877029419,0.553041934967041
http://blog.naver.com/a18032/223758170044,competitor,건강·의학,앞니 재신경치료,-0.0344928503036499,0.036432087421417236,0.47486063838005066
http://blog.naver.com/artist_horang/223797291648,competitor,건강·의학,앞니 재신경치료,0.03392297029495239,0.04862934350967407,0.5255659818649292
http://blog.naver.com/nygoodmoringdc/223828578249,competitor,건강·의학,앞니 재신경치료,0.004066050052642822,0.023045122623443604,0.5044053196907043
http://blog.naver.com/fantasistah/223416032792,competitor,건강·의학,앞니 재신경치료,0.07873880863189697,0.06479126214981079,0.5913086533546448
http://blog.naver.com/fantasistah/223896094160,competitor,건강·의학,앞니 재신경치료,-0.02440422773361206,0.022100090980529785,0.4766002297401428
http://blog.naver.com/comfort-dental/223757663238,competitor,건강·의학,치아 깨졌을때,0.01895064115524292,-0.007336735725402832,0.5195580124855042
http://blog.naver.com/ldie7780/223748609121,competitor,건강·의학,치아 깨졌을때,0.05630838871002197,0.0073451995849609375,0.5725680589675903
http://blog.naver.com/gundentalclinic/223390946547,competitor,건강·의학,치근단형성술,0.09526699781417847,0.05688074231147766,0.5496896505355835
http://blog.naver.com/homeplant/223288169121,competitor,건강·의학,치근단형성술,0.00268709659576416,0.014538466930389404,0.5007253885269165
http://blog.naver.com/champh_dc/223299617725,competitor,건강·의학,치근단형성술,0.029601573944091797,-0.014663994312286377,0.53763347864151
http://blog.naver.com/huedent275/223276341939,competitor,건강·의학,치근단형성술,0.0029481053352355957,0.015112996101379395,0.5033096075057983
http://blog.naver.com/soongni/223647906769,competitor,건강·의학,고름,0.06720870733261108,0.04965588450431824,0.5354626178741455
http://blog.naver.com/ekek9911/223670993552,competitor,건강·의학,고름,0.04338264465332031,0.022852063179016113,0.529995322227478
http://blog.naver.com/marumi2222/223780434388,competitor,건강·의학,고름,-0.005937159061431885,0.022967219352722168,0.4953927993774414
http://blog.naver.com/fast2013/223618778092,competitor,건강·의학,인접면 인레이,0.0018405318260192871,-0.0041931867599487305,0.5011535882949829
http://blog.naver.com/aprodite624/223375155228,competitor,건강·의학,앞니 크라운 모양,-0.06795263290405273,-0.00637441873550415,0.4464058578014374
http://blog.naver.com/wooritopdent/223827895708,competitor,건강·의학,치아 파절의 원인은 무엇인가요,0.051518917083740234,0.054746270179748535,0.5447319746017456
http://blog.naver.com/masterpiece2828/223516257039,competitor,건강·의학,치아 파절의 원인은 무엇인가요,-0.05036884546279907,0.022896766662597656,0.4591204524040222
http://blog.naver.com/ghw412/223839684262,competitor,건강·의학,치아 파절의 원인은 무엇인가요,0.01852482557296753,0.020457148551940918,0.5225302577018738
http://blog.naver.com/yonseinaeil/223832793162,competitor,건강·의학,치아 뿌리 고름,0.056041061878204346,-0.019698798656463623,0.5581957101821899
http://blog.naver.com/kindhyun111/223338820886,competitor,건강·의학,레진,-0.01566523313522339,0.06054684519767761,0.4922168254852295
http://blog.naver.com/sldental1/223117665668,competitor,건강·의학,레진,0.025442063808441162,0.0018379688262939453,0.5342340469360352
http://blog.naver.com/homeplant/223388446078,competitor,건강·의학,레진,-0.05199992656707764,-0.07486239075660706,0.4761185348033905
http://blog.naver.com/flyingkdg/223139188545,competitor,건강·의학,레진,0.04964137077331543,0.04287433624267578,0.5341948866844177
http://blog.naver.com/sflowerden/223235524842,competitor,건강·의학,레진,0.0166856050491333,-0.02067101001739502,0.5151394605636597
http://blog.naver.com/drlovelee/223692462974,competitor,건강·의학,잇몸에 물집,0.024207234382629395,0.018997609615325928,0.528739869594574
http://blog.naver.com/thewise2828/223800310069,competitor,건강·의학,잇몸에 물집,0.027005136013031006,-0.03188103437423706,0.5241369009017944
http://blog.naver.com/yonsei-gangnam/223825204070,competitor,건강·의학,잇몸에 물집,0.018489360809326172,-0.011685609817504883,0.5217751860618591
http://blog.naver.com/tt-implant/223858758436,competitor,건강·의학,잇몸에 물집,0.030037879943847656,-0.006991028785705566,0.5334910154342651
http://blog.naver.com/smileplantdc/223843445829,competitor,건강·의학,잇몸에 물집,0.0274924635887146,0.05933111906051636,0.5136411190032959
http://blog.naver.com/ytopdent_/223882827051,competitor,건강·의학,잇몸에 물집,0.024424433708190918,0.04633098840713501,0.5257126092910767
http://blog.naver.com/maharyeong/223604077998,competitor,건강·의학,인레이 깨짐 비용,-0.002950429916381836,0.032275617122650146,0.4991019368171692
http://blog.naver.com/seoulsmart1/223665939168,competitor,건강·의학,인레이 깨짐 비용,0.01715707778930664,0.05559605360031128,0.5113861560821533
http://blog.naver.com/ansansev2/223879339356,competitor,건강·의학,인레이 깨짐 비용,0.0636187195777893,0.01607614755630493,0.5955299139022827
http://blog.naver.com/mk000122/223353281044,competitor,건강·의학,급성치수염,0.06770074367523193,0.08485859632492065,0.5492643117904663
http://blog.naver.com/wfrobnm4/223621567761,competitor,건강·의학,급성치수염,0.01870208978652954,0.01694267988204956,0.5116427540779114
http://blog.naver.com/spriner/223637992410,competitor,건강·의학,급성치수염,0.05054450035095215,0.05012106895446777,0.5374587774276733
http://blog.naver.com/3360280/223851330130,competitor,건강·의학,급성치수염,0.056281864643096924,0.0670241117477417,0.5341136455535889
http://blog.naver.com/syd9898/223839789372,competitor,건강·의학,급성치수염,0.08306300640106201,0.07741028070449829,0.5527454018592834
http://blog.naver.com/lmh974300/223860139523,competitor,건강·의학,치수복조,0.02028346061706543,-0.011606991291046143,0.5353641510009766
http://blog.naver.com/nygoodmoringdc/223819835337,competitor,건강·의학,치수복조,0.012277960777282715,0.03293418884277344,0.5073152184486389
http://blog.naver.com/homeplant/223754085172,competitor,건강·의학,치수복조,0.003352344036102295,0.008305907249450684,0.5040373802185059
http://blog.naver.com/yonseiseroi/223684745009,competitor,건강·의학,리엔도,0.008357405662536621,0.007728874683380127,0.5118786096572876
http://blog.naver.com/smiletodaydent/223798175278,competitor,건강·의학,리엔도,0.09188729524612427,0.04119771718978882,0.6018897294998169
http://blog.naver.com/xdbru8vq/223874238785,competitor,건강·의학,리엔도,0.021600306034088135,0.02411031723022461,0.5196822881698608
http://blog.naver.com/skydc2080/221167568372,competitor,건강·의학,앞니 사이 충치,0.03795623779296875,0.03338885307312012,0.5279075503349304
http://blog.naver.com/ampr12/222617989778,competitor,건강·의학,앞니 사이 충치,0.043736159801483154,-0.006534218788146973,0.5346593260765076
http://blog.naver.com/fantasistah/223470151626,competitor,건강·의학,앞니 사이 충치,0.023693442344665527,-0.006245434284210205,0.5233420729637146
http://blog.naver.com/doctorbaesh/223795828249,competitor,건강·의학,앞니 사이 충치,0.08331739902496338,0.05420029163360596,0.568390429019928
http://blog.naver.com/fantasistah/223812864643,competitor,건강·의학,앞니 사이 충치,-0.013783156871795654,0.003085196018218994,0.48704057931900024
http://blog.naver.com/uldental/223689848219,competitor,건강·의학,앞니 사이 충치,0.04757976531982422,0.03238159418106079,0.5510044693946838
http://blog.naver.com/fantasistah/223882130661,competitor,건강·의학,앞니 사이 충치,-0.000676274299621582,0.03604245185852051,0.5002990365028381
http://blog.naver.com/openminddent/223897811961,competitor,건강·의학,앞니 사이 충치,-0.025857865810394287,0.023517966270446777,0.47966882586479187
http://blog.naver.com/masterpiece2828/223912508189,competitor,건강·의학,앞니 사이 충치,0.0557025671005249,-0.006547212600708008,0.5608792304992676
http://blog.naver.com/moreden0701/222792362489,competitor,건강·의학,apicoectomy 발음,0.07239687442779541,0.034065306186676025,0.5627598762512207
http://blog.naver.com/vegandentist/223420069593,competitor,건강·의학,세라믹 인레이,0.036289215087890625,0.007486104965209961,0.5387406349182129
http://blog.naver.com/seoul_den/223438204061,competitor,건강·의학,세라믹 인레이,0.05926775932312012,-0.006723523139953613,0.5658586025238037
http://blog.naver.com/solk7tcowmd/223469821093,competitor,건강·의학,세라믹 인레이,0.007102668285369873,0.013100028038024902,0.5019992589950562
http://blog.naver.com/mylife2879/223802710883,competitor,건강·의학,세라믹 인레이,0.06493473052978516,-0.0009485483169555664,0.5704687833786011
http://blog.naver.com/barundent2017/223894583920,competitor,건강·의학,세라믹 인레이,0.043992578983306885,0.014264345169067383,0.526387631893158
http://blog.naver.com/dentikay/223885186335,competitor,건강·의학,세라믹 인레이,0.08755099773406982,0.044232964515686035,0.5757512450218201
