club_id,article_id,2024-06,2024-07,2024-08,2024-09,2024-10,2024-11,2024-12,2025-01,2025-02,2025-03,2025-04,2025-05,2025-06,2025-07
24821657,298,0,0,0,0,0,0,0,0,0,0,0,18,0,0
13886818,14122,0,0,0,0,0,0,0,0,0,0,0,85,54,0
13692492,832847,0,0,0,0,0,0,0,0,0,0,0,447,335,0
24660992,2394915,0,0,0,0,0,0,0,0,0,0,0,211,16,0
29496362,9840,0,0,0,0,0,0,0,0,0,0,0,5,8,0
24095040,773840,0,0,0,0,0,0,0,0,0,0,0,87,50,0
24660992,2391013,0,0,0,0,0,0,0,0,0,0,0,880,0,0
27756115,91629,0,0,0,0,0,0,0,0,0,0,0,562,43,0
29496362,9729,0,0,0,0,0,0,0,0,0,0,0,13,0,0
24821657,300,0,0,0,0,0,0,0,0,0,0,0,24,2,0
24821657,198,0,0,0,0,0,0,0,0,0,0,0,0,0,0
18824112,1046803,0,0,218,0,0,0,0,0,0,0,0,0,0,0
11121149,1024118,0,0,13,10,0,0,0,0,0,0,0,0,0,0
12905973,6204685,0,0,167,0,0,0,0,0,0,0,0,0,0,0
11833155,2458267,0,0,424,0,0,0,0,0,0,0,0,0,0,0
11833155,2461784,0,0,138,90,0,0,0,0,0,0,0,0,0,0
24660992,2276057,0,0,936,112,0,0,0,0,0,0,0,0,0,0
24660992,2279995,0,0,156,102,0,0,0,0,0,0,0,0,0,0
14911692,1,0,0,459,17,0,0,0,0,0,0,0,0,0,0
12905973,6207791,0,0,0,0,0,0,0,0,0,0,0,0,0,0
28309579,203813,0,0,69,172,0,0,0,0,0,0,0,0,0,0
11833155,2456117,0,0,105,0,0,0,0,0,0,0,0,0,0,0
21749336,168432,0,0,1562,0,0,0,0,0,0,0,0,0,0,0
24660992,2272285,0,0,142,0,0,0,0,0,0,0,0,0,0,0
24660992,2275228,0,0,99,4,0,0,0,0,0,0,0,0,0,0
24095040,743260,0,0,127,60,0,0,0,0,0,0,0,0,0,0
24660992,2282992,0,0,80,291,0,0,0,0,0,0,0,0,0,0
24095040,742418,0,0,189,7,0,0,0,0,0,0,0,0,0,0
20091703,2167547,0,0,12,160,0,0,0,0,0,0,0,0,0,0
24660992,2394918,0,0,0,0,0,0,0,0,0,0,0,1057,81,0
10100874,340923,0,0,0,0,0,0,0,0,0,0,0,80,6,0
11427205,587170,0,0,0,0,0,0,0,0,0,0,0,10,39,0
24524198,135577,0,0,0,0,0,0,0,0,0,0,0,0,107,0
10288937,283647,0,0,0,0,0,0,0,0,0,0,0,0,90,332
27055079,280845,0,0,0,0,0,0,0,0,0,0,0,0,594,199
24502148,47430,0,0,0,0,0,0,0,0,0,0,0,0,15,91
24502148,47199,0,0,0,0,0,0,0,0,0,0,0,0,53,46
29496362,9987,0,0,0,0,0,0,0,0,0,0,0,0,16,10
24095040,736847,31,402,0,0,0,0,0,0,0,0,0,0,0,0
24095040,735984,1246,935,0,0,0,0,0,0,0,0,0,0,0,0
12905973,6181748,1596,123,0,0,0,0,0,0,0,0,0,0,0,0
11833155,2442930,140,11,0,0,0,0,0,0,0,0,0,0,0,0
11833155,2446718,21,38,0,0,0,0,0,0,0,0,0,0,0,0
24821657,172,26,17,0,0,0,0,0,0,0,0,0,0,0,0
13886818,13403,38,0,0,0,0,0,0,0,0,0,0,0,0,0
24821657,163,46,0,0,0,0,0,0,0,0,0,0,0,0,0
24821657,173,35,35,0,0,0,0,0,0,0,0,0,0,0,0
24660992,2246469,594,0,0,0,0,0,0,0,0,0,0,0,0,0
24660992,2254396,253,456,0,0,0,0,0,0,0,0,0,0,0,0
24821657,166,74,5,0,0,0,0,0,0,0,0,0,0,0,0
18824112,1040913,882,0,0,0,0,0,0,0,0,0,0,0,0,0
24621251,1669632,116,209,0,0,0,0,0,0,0,0,0,0,0,0
24660992,2250900,533,253,0,0,0,0,0,0,0,0,0,0,0,0
24660992,2251030,717,340,0,0,0,0,0,0,0,0,0,0,0,0
10094499,71137130,192,0,0,0,0,0,0,0,0,0,0,0,0,0
27055079,260644,463,155,0,0,0,0,0,0,0,0,0,0,0,0
24660992,2248900,314,68,0,0,0,0,0,0,0,0,0,0,0,0
12905973,6181928,803,62,0,0,0,0,0,0,0,0,0,0,0,0
11833155,2445402,58,38,0,0,0,0,0,0,0,0,0,0,0,0
15579944,1782949,486,163,0,0,0,0,0,0,0,0,0,0,0,0
18824112,1041552,126,28,0,0,0,0,0,0,0,0,0,0,0,0
24660992,2246739,574,21,0,0,0,0,0,0,0,0,0,0,0,0
11833155,2444492,112,45,0,0,0,0,0,0,0,0,0,0,0,0
28202786,3867,0,0,0,0,0,0,0,0,207,25,0,0,0,0
22862667,567694,0,0,0,0,0,0,0,0,171,0,0,0,0,0
10050813,37951317,0,0,0,0,0,0,0,0,395,187,0,0,0,0
24660992,2359448,0,0,0,0,0,0,0,0,901,246,0,0,0,0
24524198,132997,0,0,0,0,0,0,0,0,0,8,47,0,0,0
29496362,9481,0,0,0,0,0,0,0,0,0,16,0,0,0,0
31159112,2334,0,0,0,0,0,0,0,0,0,387,84,0,0,0
24660992,2356369,0,0,0,0,0,0,0,0,308,0,0,0,0,0
29496362,9426,0,0,0,0,0,0,0,0,1,15,0,0,0,0
29364668,17,0,0,0,0,0,0,0,0,24,5,0,0,0,0
24524198,131077,0,0,0,0,0,0,0,0,45,0,0,0,0,0
22507132,27370,38,0,0,0,0,0,0,0,0,0,0,0,0,0
14985149,3607,960,0,0,0,0,0,0,0,0,0,0,0,0,0
12567918,56732,2,2,0,0,0,0,0,0,0,0,0,0,0,0
29496362,9276,0,0,0,0,0,0,0,21,0,0,0,0,0,0
12730407,5511022,0,0,0,0,0,0,0,66,0,0,0,0,0,0
24660992,2351380,0,0,0,0,0,0,0,203,271,0,0,0,0,0
24660992,2341274,0,0,0,0,0,0,0,372,0,0,0,0,0,0
23989226,88945,0,0,0,0,0,0,0,882,0,0,0,0,0,0
27055079,273535,0,0,0,0,0,0,0,151,910,0,0,0,0,0
24660992,2299518,0,0,0,0,665,0,0,0,0,0,0,0,0,0
24660992,2309945,0,0,0,0,44,573,0,0,0,0,0,0,0,0
24660992,2308962,0,0,0,0,166,608,0,0,0,0,0,0,0,0
30974274,24916,0,0,0,0,5,71,0,0,0,0,0,0,0,0
24660992,2303376,0,0,0,0,194,42,0,0,0,0,0,0,0,0
24660992,2309988,0,0,0,0,3,42,0,0,0,0,0,0,0,0
29496362,8971,0,0,0,0,6,34,0,0,0,0,0,0,0,0
24502148,40548,0,0,0,0,13,49,0,0,0,0,0,0,0,0
27097063,155205,0,0,0,0,0,0,0,125,0,0,0,0,0,0
15880379,1203452,0,0,0,0,0,0,0,64,26,0,0,0,0,0
18496353,3744,0,0,0,0,0,0,0,3,6,0,0,0,0,0
27756115,86856,0,0,0,0,0,0,0,98,54,0,0,0,0,0
10100874,337927,0,0,0,0,0,0,0,129,70,0,0,0,0,0
11291786,15668981,0,0,0,0,0,0,0,0,0,0,0,0,0,0
22507132,33486,0,0,0,0,0,0,0,3,0,0,0,0,0,0
25585583,42623,0,0,0,0,0,0,0,71,34,0,0,0,0,0
12567918,61316,0,0,0,0,0,0,0,2,1,0,0,0,0,0
23491849,805268,0,0,0,0,0,0,0,1,1,0,0,0,0,0
22507132,33316,0,0,0,0,0,0,0,3,0,0,0,0,0,0
23491849,854335,0,0,0,0,0,0,0,3,2,0,0,0,0,0
24660992,2351972,0,0,0,0,0,0,0,93,166,0,0,0,0,0
25585583,42238,0,0,0,0,0,0,0,71,28,0,0,0,0,0
31318083,644,0,0,0,0,0,0,0,55,6,0,0,0,0,0
15579944,1821924,0,0,0,0,0,0,0,271,33,0,0,0,0,0
30111128,3847,0,0,0,0,0,0,0,2,1,0,0,0,0,0
22862667,529302,123,68,0,0,0,0,0,0,0,0,0,0,0,0
24660992,2253647,67,90,0,0,0,0,0,0,0,0,0,0,0,0
11833155,2442995,281,21,0,0,0,0,0,0,0,0,0,0,0,0
19476767,840911,771,92,0,0,0,0,0,0,0,0,0,0,0,0
11833155,2447203,70,258,0,0,0,0,0,0,0,0,0,0,0,0
11833155,2440651,108,0,0,0,0,0,0,0,0,0,0,0,0,0
25843751,47591,711,118,0,0,0,0,0,0,0,0,0,0,0,0
30974274,14221,40,40,0,0,0,0,0,0,0,0,0,0,0,0
24660992,2248193,229,38,0,0,0,0,0,0,0,0,0,0,0,0
24660992,2251304,106,59,0,0,0,0,0,0,0,0,0,0,0,0
24660992,2246780,158,6,0,0,0,0,0,0,0,0,0,0,0,0
24660992,2247474,334,25,0,0,0,0,0,0,0,0,0,0,0,0
24660992,2245302,297,0,0,0,0,0,0,0,0,0,0,0,0,0
24660992,2255331,93,339,0,0,0,0,0,0,0,0,0,0,0,0
24621251,1668817,218,164,0,0,0,0,0,0,0,0,0,0,0,0
24095040,733903,613,0,0,0,0,0,0,0,0,0,0,0,0,0
24660992,2250292,337,136,0,0,0,0,0,0,0,0,0,0,0,0
12905973,6181797,438,34,0,0,0,0,0,0,0,0,0,0,0,0
12988928,722804,63,26,0,0,0,0,0,0,0,0,0,0,0,0
15579944,1785152,381,1394,0,0,0,0,0,0,0,0,0,0,0,0
12905973,6187101,149,149,0,0,0,0,0,0,0,0,0,0,0,0
11833155,2440949,150,0,0,0,0,0,0,0,0,0,0,0,0,0
11833155,2494890,0,0,0,0,0,0,0,402,88,0,0,0,0,0
24146661,73074,0,0,0,0,0,0,0,324,0,0,0,0,0,0
24095040,759450,0,0,0,0,0,0,0,144,0,0,0,0,0,0
12905973,6274212,0,0,0,0,0,0,0,84,152,0,0,0,0,0
24660992,2348516,0,0,0,0,0,0,0,193,91,0,0,0,0,0
12905973,6232507,0,0,0,0,153,18,0,0,0,0,0,0,0,0
12905973,6233300,0,0,0,0,154,34,0,0,0,0,0,0,0,0
17728831,40511,0,0,0,0,36,0,0,0,0,0,0,0,0,0
12567918,59324,0,0,0,0,10,2,0,0,0,0,0,0,0,0
10100874,334476,0,0,0,0,370,81,0,0,0,0,0,0,0,0
24161771,29968,0,0,0,0,49,6,0,0,0,0,0,0,0,0
12567918,59263,0,0,0,0,71,0,0,0,0,0,0,0,0,0
24161771,29772,0,0,0,0,31,0,0,0,0,0,0,0,0,0
12567918,59294,0,0,0,0,36,4,0,0,0,0,0,0,0,0
22507132,31211,0,0,0,0,17,2,0,0,0,0,0,0,0,0
24161771,30010,0,0,0,0,7,1,0,0,0,0,0,0,0,0
22507132,31028,0,0,0,0,7,0,0,0,0,0,0,0,0,0
16635819,1002,0,0,0,0,3,2,0,0,0,0,0,0,0,0
12905973,6265845,0,0,0,0,0,0,0,5,0,0,0,0,0,0
22630643,2876,0,0,0,0,0,0,0,0,0,0,0,0,0,0
31374461,343,0,0,0,0,0,0,0,7,4,0,0,0,0,0
30111128,8011,0,0,0,0,0,0,0,0,0,1,0,0,0,0
24502148,42704,0,0,0,0,0,0,0,0,56,0,0,0,0,0
24524198,131468,0,0,0,0,0,0,0,0,54,27,0,0,0,0
24502148,42777,0,0,0,0,0,0,0,0,92,0,0,0,0,0
16203348,97176,0,0,0,0,0,0,0,0,5,0,0,0,0,0
30974274,28281,0,0,0,0,0,0,59,0,0,0,0,0,0,0
24524198,129736,0,0,0,0,0,0,64,2,0,0,0,0,0,0
24524198,130156,0,0,0,0,0,0,30,73,0,0,0,0,0,0
24524198,130079,0,0,0,0,0,0,48,47,0,0,0,0,0,0
24095040,760815,0,0,0,0,0,0,0,533,89,0,0,0,0,0
11833155,2460028,0,0,138,30,0,0,0,0,0,0,0,0,0,0
11833155,2460778,0,0,61,24,0,0,0,0,0,0,0,0,0,0
24660992,2280501,0,0,454,394,0,0,0,0,0,0,0,0,0,0
18103359,15619,0,0,9,11,0,0,0,0,0,0,0,0,0,0
11833155,2463255,0,0,23,57,0,0,0,0,0,0,0,0,0,0
18496353,2426,0,0,207,0,0,0,0,0,0,0,0,0,0,0
24660992,2277442,0,0,553,151,0,0,0,0,0,0,0,0,0,0
24621251,1681923,0,0,71,430,0,0,0,0,0,0,0,0,0,0
12905973,6213453,0,0,156,208,0,0,0,0,0,0,0,0,0,0
24821657,197,0,0,23,41,0,0,0,0,0,0,0,0,0,0
11833155,2462657,0,0,17,24,0,0,0,0,0,0,0,0,0,0
11833155,2461677,0,0,39,26,0,0,0,0,0,0,0,0,0,0
13886818,13570,0,0,7,44,0,0,0,0,0,0,0,0,0,0
13886818,13554,0,0,41,27,0,0,0,0,0,0,0,0,0,0
12905973,6206256,0,0,725,0,0,0,0,0,0,0,0,0,0,0
18496353,2476,0,0,124,15,0,0,0,0,0,0,0,0,0,0
13886818,13541,0,0,62,10,0,0,0,0,0,0,0,0,0,0
12905973,6204660,0,0,613,0,0,0,0,0,0,0,0,0,0,0
24660992,2282743,0,0,183,456,0,0,0,0,0,0,0,0,0,0
24821657,188,0,0,57,0,0,0,0,0,0,0,0,0,0,0
24821657,195,0,0,55,30,0,0,0,0,0,0,0,0,0,0
13886818,13533,0,0,14,0,0,0,0,0,0,0,0,0,0,0
18824112,1047630,0,0,309,52,0,0,0,0,0,0,0,0,0,0
24821657,189,0,0,79,0,0,0,0,0,0,0,0,0,0,0
24821657,191,0,0,63,0,0,0,0,0,0,0,0,0,0,0
12905973,6212196,0,0,181,135,0,0,0,0,0,0,0,0,0,0
24660992,2282287,0,0,70,176,0,0,0,0,0,0,0,0,0,0
24821657,192,0,0,34,1,0,0,0,0,0,0,0,0,0,0
12905973,6210985,0,0,1037,491,0,0,0,0,0,0,0,0,0,0
12905973,6205350,0,0,561,0,0,0,0,0,0,0,0,0,0,0
10322296,19108093,0,0,0,0,0,0,0,0,0,0,0,0,54,46
12905973,6320612,0,0,0,0,0,0,0,0,0,0,0,0,348,302
24660992,2412679,0,0,0,0,0,0,0,0,0,0,0,0,7,94
27097063,173782,0,0,0,0,0,0,0,0,0,0,0,0,122,33
13886818,14171,0,0,0,0,0,0,0,0,0,0,0,0,40,0
24660992,2408162,0,0,0,0,0,0,0,0,0,0,0,0,161,65
12905973,6316885,0,0,0,0,0,0,0,0,0,0,0,0,324,12
12905973,6314755,0,0,0,0,0,0,0,0,0,0,0,0,135,0
24382523,1502088,0,0,0,0,0,0,0,0,0,0,0,0,160,65
24660992,2409946,0,0,0,0,0,0,0,0,0,0,0,0,32,29
30974274,41307,0,0,0,0,0,0,0,0,0,0,0,20,36,0
30974274,41346,0,0,0,0,0,0,0,0,0,0,0,20,37,0
29496362,9730,0,0,0,0,0,0,0,0,0,0,0,29,0,0
16635819,913,0,0,7,1,0,0,0,0,0,0,0,0,0,0
10100874,332985,0,0,3,16,0,0,0,0,0,0,0,0,0,0
24660992,2281814,0,0,238,428,0,0,0,0,0,0,0,0,0,0
12026840,4891633,0,0,141,353,0,0,0,0,0,0,0,0,0,0
17697338,31019,0,0,13,0,0,0,0,0,0,0,0,0,0,0
17697338,32541,0,0,2,1,0,0,0,0,0,0,0,0,0,0
22507132,29629,0,0,93,21,0,0,0,0,0,0,0,0,0,0
22507132,30043,0,0,7,26,0,0,0,0,0,0,0,0,0,0
12905973,6210558,0,0,364,171,0,0,0,0,0,0,0,0,0,0
29891543,41059,0,0,2155,0,0,0,0,0,0,0,0,0,0,0
27756115,93517,0,0,0,0,0,0,0,0,0,0,0,0,21,9
23394851,164216,0,0,0,0,0,0,0,0,0,0,0,0,228,76
31111576,50,0,0,0,0,0,0,0,0,0,0,0,0,48,0
16635819,984,0,0,0,4,8,0,0,0,0,0,0,0,0,0
12567918,58682,0,0,0,23,11,0,0,0,0,0,0,0,0,0
24161771,29152,0,0,0,73,35,0,0,0,0,0,0,0,0,0
15754634,7514337,0,0,0,180,101,0,0,0,0,0,0,0,0,0
13903827,9297462,0,0,0,460,0,0,0,0,0,0,0,0,0,0
24660992,2294103,0,0,0,164,164,0,0,0,0,0,0,0,0,0
16635819,971,0,0,0,9,6,0,0,0,0,0,0,0,0,0
22507132,30466,0,0,0,28,14,0,0,0,0,0,0,0,0,0
17697338,34026,0,0,0,2,2,0,0,0,0,0,0,0,0,0
20548201,6083024,0,0,0,609,338,0,0,0,0,0,0,0,0,0
24502148,39643,0,0,0,456,395,0,0,0,0,0,0,0,0,0
24095040,769334,0,0,0,0,0,0,0,0,0,0,89,0,0,0
24821657,289,0,0,0,0,0,0,0,0,0,0,21,0,0,0
24821657,293,0,0,0,0,0,0,0,0,0,0,19,14,0,0
24660992,2389339,0,0,0,0,0,0,0,0,0,0,197,723,0,0
24621251,1721772,0,0,0,0,0,0,0,0,0,0,177,0,0,0
10094499,74844619,0,0,0,0,0,0,0,0,0,0,71,0,0,0
31159112,2648,0,0,0,0,0,0,0,0,0,0,771,0,0,0
29496362,9570,0,0,0,0,0,0,0,0,0,0,23,0,0,0
24660992,2389393,0,0,0,0,0,0,0,0,0,0,65,240,0,0
24821657,326,0,0,0,0,0,0,0,0,0,0,0,0,0,19
31503026,310,0,0,0,0,0,0,0,0,0,0,0,0,0,5
31503025,395,0,0,0,0,0,0,0,0,0,0,0,0,0,10
31503026,254,0,0,0,0,0,0,0,0,0,0,0,0,0,6
24660992,2415277,0,0,0,0,0,0,0,0,0,0,0,0,0,216
24821657,321,0,0,0,0,0,0,0,0,0,0,0,0,0,17
24660992,2422572,0,0,0,0,0,0,0,0,0,0,0,0,0,354
24660992,2416980,0,0,0,0,0,0,0,0,0,0,0,0,0,75
24660992,2418438,0,0,0,0,0,0,0,0,0,0,0,0,0,326
24660992,2416457,0,0,0,0,0,0,0,0,0,0,0,0,0,156
24095040,780011,0,0,0,0,0,0,0,0,0,0,0,0,0,1128
31503026,235,0,0,0,0,0,0,0,0,0,0,0,0,0,6
12905973,6327894,0,0,0,0,0,0,0,0,0,0,0,0,0,181
31503026,273,0,0,0,0,0,0,0,0,0,0,0,0,0,6
12285441,4244772,0,0,0,0,0,0,0,0,0,0,0,0,0,0
12905973,6327212,0,0,0,0,0,0,0,0,0,0,0,0,0,460
10094499,76136209,0,0,0,0,0,0,0,0,0,0,0,0,0,94
12905973,6323983,0,0,0,0,0,0,0,0,0,0,0,0,0,317
24660992,2413285,0,0,0,0,0,0,0,0,0,0,0,0,0,289
24621251,1738495,0,0,0,0,0,0,0,0,0,0,0,0,0,154
11833155,2466721,0,0,0,99,8,0,0,0,0,0,0,0,0,0
24382523,1458388,0,0,0,71,9,0,0,0,0,0,0,0,0,0
24660992,2294255,0,0,0,179,239,0,0,0,0,0,0,0,0,0
11833155,2464395,0,0,0,217,0,0,0,0,0,0,0,0,0,0
10094499,72442362,0,0,0,203,24,0,0,0,0,0,0,0,0,0
11833155,2470322,0,0,0,18,239,0,0,0,0,0,0,0,0,0
11833155,2466049,0,0,0,174,0,0,0,0,0,0,0,0,0,0
24660992,2287959,0,0,0,56,0,0,0,0,0,0,0,0,0,0
24660992,2286644,0,0,0,1308,0,0,0,0,0,0,0,0,0,0
24660992,2296828,0,0,0,12,157,0,0,0,0,0,0,0,0,0
12905973,6224431,0,0,0,530,531,0,0,0,0,0,0,0,0,0
13886818,13599,0,0,0,48,11,0,0,0,0,0,0,0,0,0
11833155,2469626,0,0,0,147,369,0,0,0,0,0,0,0,0,0
24660992,2292277,0,0,0,511,284,0,0,0,0,0,0,0,0,0
24660992,2286362,0,0,0,650,0,0,0,0,0,0,0,0,0,0
24660992,2296624,0,0,0,59,764,0,0,0,0,0,0,0,0,0
11833155,2468827,0,0,0,45,38,0,0,0,0,0,0,0,0,0
13886818,13613,0,0,0,57,44,0,0,0,0,0,0,0,0,0
24660992,2288294,0,0,0,291,0,0,0,0,0,0,0,0,0,0
24821657,208,0,0,0,22,12,0,0,0,0,0,0,0,0,0
24095040,745776,0,0,0,147,0,0,0,0,0,0,0,0,0,0
24660992,2295025,0,0,0,237,428,0,0,0,0,0,0,0,0,0
11833155,2465174,0,0,0,66,0,0,0,0,0,0,0,0,0,0
24821657,202,0,0,0,98,0,0,0,0,0,0,0,0,0,0
24660992,2284935,0,0,0,618,0,0,0,0,0,0,0,0,0,0
12905973,6226108,0,0,0,37,134,0,0,0,0,0,0,0,0,0
24660992,2290868,0,0,0,297,99,0,0,0,0,0,0,0,0,0
24660992,2291239,0,0,0,1272,509,0,0,0,0,0,0,0,0,0
24095040,747617,0,0,0,207,517,0,0,0,0,0,0,0,0,0
11121149,1067995,0,0,0,0,0,0,0,0,0,0,0,0,315,0
17157963,342741,0,0,0,0,0,0,0,0,0,0,0,0,389,154
17157963,342720,0,0,0,0,0,0,0,0,0,0,0,0,360,144
24621251,1735793,0,0,0,0,0,0,0,0,0,0,0,0,15,87
10100874,341965,0,0,0,0,0,0,0,0,0,0,0,0,59,16
24660992,2408797,0,0,0,0,0,0,0,0,0,0,0,0,77,42
19861665,49728,0,0,0,0,0,0,0,0,0,0,0,0,325,129
24524198,135797,0,0,0,0,0,0,0,0,0,0,0,0,100,8
18997605,2968283,0,0,0,0,0,0,0,0,0,0,0,0,144,0
24502148,46541,0,0,0,0,0,0,0,0,0,0,0,0,118,0
24524198,135751,0,0,0,0,0,0,0,0,0,0,0,0,96,4
31206716,21409,0,6,5,0,0,0,0,0,0,0,0,0,0,0
12567918,57033,0,41,0,0,0,0,0,0,0,0,0,0,0,0
12905973,6194787,0,390,0,0,0,0,0,0,0,0,0,0,0,0
13070027,2766865,0,236,0,0,0,0,0,0,0,0,0,0,0,0
20548201,6000815,0,79,0,0,0,0,0,0,0,0,0,0,0,0
13886818,13476,0,93,11,0,0,0,0,0,0,0,0,0,0,0
12905973,6200508,0,276,275,0,0,0,0,0,0,0,0,0,0,0
30647991,14596,0,42,0,0,0,0,0,0,0,0,0,0,0,0
17697338,30381,0,3,3,0,0,0,0,0,0,0,0,0,0,0
24940962,4178,0,0,0,0,0,0,1,0,0,0,0,0,0,0
24660992,2336453,0,0,0,0,0,0,146,193,0,0,0,0,0,0
29794410,201171,0,0,0,0,0,0,44,38,0,0,0,0,0,0
27756115,85818,0,0,0,0,0,0,82,109,0,0,0,0,0,0
24660992,2324561,0,0,0,0,0,0,140,0,0,0,0,0,0,0
24660992,2336567,0,0,0,0,0,0,201,269,0,0,0,0,0,0
12905973,6254790,0,0,0,0,0,0,1108,0,0,0,0,0,0,0
24095040,757039,0,0,0,0,0,0,728,0,0,0,0,0,0,0
30974274,29623,0,0,0,0,0,0,32,23,0,0,0,0,0,0
24660992,2331863,0,0,0,0,0,0,516,141,0,0,0,0,0,0
24621251,1703225,0,0,0,0,0,0,324,242,0,0,0,0,0,0
30974274,29322,0,0,0,0,0,0,33,13,0,0,0,0,0,0
27097063,154552,0,0,0,0,0,0,3,4,0,0,0,0,0,0
24660992,2371837,0,0,0,0,0,0,0,0,0,225,8,0,0,0
24621251,1718105,0,0,0,0,0,0,0,0,0,600,72,0,0,0
29496362,9470,0,0,0,0,0,0,0,0,0,18,0,0,0,0
31329479,2933,0,0,0,0,0,0,0,0,0,0,0,0,0,0
31125547,158,0,0,0,0,0,14,0,0,0,0,0,0,0,0
20682796,17861,0,0,0,0,0,537,20,0,0,0,0,0,0,0
30191228,5561,0,0,0,0,0,3,1,0,0,0,0,0,0,0
22681220,4237,0,0,0,0,0,25,12,0,0,0,0,0,0,0
22862667,554940,0,0,0,0,0,204,132,0,0,0,0,0,0,0
25082827,7075,0,0,0,0,0,7,3,0,0,0,0,0,0,0
12905973,6252450,0,0,0,0,0,0,224,0,0,0,0,0,0,0
10100874,337209,0,0,0,0,0,0,5,26,0,0,0,0,0,0
29362339,84879,0,0,0,0,0,0,369,663,0,0,0,0,0,0
18496353,3430,0,0,0,0,0,0,39,1,0,0,0,0,0,0
17697338,36796,0,0,0,0,0,0,1,6,0,0,0,0,0,0
24161771,31881,0,0,0,0,0,0,23,0,0,0,0,0,0,0
12567918,60542,0,0,0,0,0,0,50,0,0,0,0,0,0,0
18947600,5528,0,0,0,0,0,0,0,0,0,0,0,0,0,0
24161771,31878,0,0,0,0,0,0,13,0,0,0,0,0,0,0
24660992,2325151,0,0,0,0,0,0,1539,0,0,0,0,0,0,0
12567918,60547,0,0,0,0,0,0,23,0,0,0,0,0,0,0
10100874,337199,0,0,0,0,0,0,13,81,0,0,0,0,0,0
12567918,60543,0,0,0,0,0,0,89,0,0,0,0,0,0,0
24558872,2998,0,0,0,0,0,0,20,1,0,0,0,0,0,0
18947600,5410,0,0,0,0,0,0,5,2,0,0,0,0,0,0
24161771,31882,0,0,0,0,0,0,7,0,0,0,0,0,0,0
24660992,2331856,0,0,0,0,0,0,139,39,0,0,0,0,0,0
24161771,31879,0,0,0,0,0,0,60,0,0,0,0,0,0,0
15754634,7542799,0,0,0,0,0,0,331,0,0,0,0,0,0,0
19180393,2009,0,0,0,0,0,0,0,0,0,0,0,0,0,0
18824112,1045654,0,62,63,0,0,0,0,0,0,0,0,0,0,0
14435163,932603,0,111,0,0,0,0,0,0,0,0,0,0,0,0
21600445,249143,0,252,119,0,0,0,0,0,0,0,0,0,0,0
24660992,2267068,0,322,280,0,0,0,0,0,0,0,0,0,0,0
11833155,2451891,0,74,16,0,0,0,0,0,0,0,0,0,0,0
12905973,6196288,0,1497,250,0,0,0,0,0,0,0,0,0,0,0
24382523,1451050,0,375,176,0,0,0,0,0,0,0,0,0,0,0
10505621,1433808,0,475,18,0,0,0,0,0,0,0,0,0,0,0
24821657,185,0,33,42,0,0,0,0,0,0,0,0,0,0,0
28309579,201774,0,678,0,0,0,0,0,0,0,0,0,0,0,0
24660992,2265089,0,754,303,0,0,0,0,0,0,0,0,0,0,0
11833155,2455807,0,11,144,0,0,0,0,0,0,0,0,0,0,0
12877516,477071,0,155,26,0,0,0,0,0,0,0,0,0,0,0
24660992,2262015,0,704,26,0,0,0,0,0,0,0,0,0,0,0
12905973,6191419,0,298,0,0,0,0,0,0,0,0,0,0,0,0
20154241,226501,0,197,110,0,0,0,0,0,0,0,0,0,0,0
24660992,2268221,0,589,785,0,0,0,0,0,0,0,0,0,0,0
12905973,6197654,0,312,103,0,0,0,0,0,0,0,0,0,0,0
24660992,2267281,0,341,296,0,0,0,0,0,0,0,0,0,0,0
20154241,226834,0,54,321,0,0,0,0,0,0,0,0,0,0,0
24660992,2316679,0,0,0,0,0,262,56,0,0,0,0,0,0,0
24660992,2312459,0,0,0,0,0,98,0,0,0,0,0,0,0,0
11833155,2478796,0,0,0,0,0,371,0,0,0,0,0,0,0,0
24660992,2322097,0,0,0,0,0,93,230,0,0,0,0,0,0,0
24095040,753066,0,0,0,0,0,1691,0,0,0,0,0,0,0,0
24660992,2319851,0,0,0,0,0,94,71,0,0,0,0,0,0,0
24660992,2321837,0,0,0,0,0,33,84,0,0,0,0,0,0,0
24524198,128731,0,0,0,0,0,65,0,0,0,0,0,0,0,0
24660992,2314993,0,0,0,0,0,141,5,0,0,0,0,0,0,0
24660992,2379173,0,0,0,0,0,0,0,0,0,27,351,0,0,0
29367967,45890,0,0,0,0,0,0,0,0,0,34,5,0,0,0
11121149,1058732,0,0,0,0,0,0,0,0,0,31,23,0,0,0
11121149,1056186,0,0,0,0,0,0,0,0,0,38,0,0,0,0
27097063,161889,0,0,0,0,0,0,0,0,0,72,0,0,0,0
22681220,5369,0,0,0,0,0,0,0,0,0,25,1,0,0,0
19861665,49444,0,0,0,0,0,0,0,0,0,457,182,0,0,0
10100874,339270,0,0,0,0,0,0,0,0,0,64,8,0,0,0
12905973,6290488,0,0,0,0,0,0,0,0,0,255,43,0,0,0
27097063,163414,0,0,0,0,0,0,0,0,0,54,22,0,0,0
31414620,12,0,0,0,0,0,0,0,0,0,1,1,0,0,0
30647991,16285,0,0,0,0,0,0,0,0,0,21,21,0,0,0
24660992,2378397,0,0,0,0,0,0,0,0,0,116,424,0,0,0
30647991,16262,0,0,0,0,0,0,0,0,0,2,2,0,0,0
24660992,2378305,0,0,0,0,0,0,0,0,0,103,376,0,0,0
24660992,2360579,0,0,0,0,0,0,0,0,178,84,0,0,0,0
24095040,763691,0,0,0,0,0,0,0,0,104,18,0,0,0,0
24660992,2354390,0,0,0,0,0,0,0,0,589,0,0,0,0,0
24660992,2262752,0,2611,313,0,0,0,0,0,0,0,0,0,0,0
24660992,2264731,0,2218,739,0,0,0,0,0,0,0,0,0,0,0
11833155,2454095,0,71,62,0,0,0,0,0,0,0,0,0,0,0
12905973,6195679,0,359,28,0,0,0,0,0,0,0,0,0,0,0
24660992,2268233,0,700,934,0,0,0,0,0,0,0,0,0,0,0
11833155,2449821,0,54,0,0,0,0,0,0,0,0,0,0,0,0
24821657,177,0,112,0,0,0,0,0,0,0,0,0,0,0,0
24821657,186,0,8,46,0,0,0,0,0,0,0,0,0,0,0
14911692,326388,0,495,0,0,0,0,0,0,0,0,0,0,0,0
11833155,2452636,0,109,43,0,0,0,0,0,0,0,0,0,0,0
24821657,179,0,84,0,0,0,0,0,0,0,0,0,0,0,0
24821657,175,0,89,0,0,0,0,0,0,0,0,0,0,0,0
12905973,6200296,0,106,106,0,0,0,0,0,0,0,0,0,0,0
12905973,6192563,0,755,0,0,0,0,0,0,0,0,0,0,0,0
24821657,180,0,62,2,0,0,0,0,0,0,0,0,0,0,0
24821657,183,0,102,65,0,0,0,0,0,0,0,0,0,0,0
12905973,6193596,0,1073,0,0,0,0,0,0,0,0,0,0,0,0
12905973,6192040,0,466,0,0,0,0,0,0,0,0,0,0,0,0
24660992,2264259,0,444,121,0,0,0,0,0,0,0,0,0,0,0
24821657,182,0,60,21,0,0,0,0,0,0,0,0,0,0,0
22862667,533464,0,87,19,0,0,0,0,0,0,0,0,0,0,0
24660992,2266488,0,797,516,0,0,0,0,0,0,0,0,0,0,0
24660992,2256506,0,298,0,0,0,0,0,0,0,0,0,0,0,0
24660992,2257536,0,245,0,0,0,0,0,0,0,0,0,0,0,0
24621251,1674474,0,243,135,0,0,0,0,0,0,0,0,0,0,0
15579944,1789664,0,534,347,0,0,0,0,0,0,0,0,0,0,0
18824112,1044874,0,329,90,0,0,0,0,0,0,0,0,0,0,0
24660992,2258197,0,585,0,0,0,0,0,0,0,0,0,0,0,0
19476767,843824,0,173,47,0,0,0,0,0,0,0,0,0,0,0
24095040,737325,0,1468,0,0,0,0,0,0,0,0,0,0,0,0
24621251,1701767,0,0,0,0,0,0,513,112,0,0,0,0,0,0
12905973,6260920,0,0,0,0,0,0,181,157,0,0,0,0,0,0
24095040,758758,0,0,0,0,0,0,595,792,0,0,0,0,0,0
24660992,2332231,0,0,0,0,0,0,246,83,0,0,0,0,0,0
30974274,37237,0,0,0,0,0,0,0,0,0,6,83,0,0,0
12905973,6286884,0,0,0,0,0,0,0,0,0,684,0,0,0,0
24660992,2367683,0,0,0,0,0,0,0,0,0,105,0,0,0,0
12905973,6285776,0,0,0,0,0,0,0,0,0,1183,0,0,0,0
27756115,94995,0,0,0,0,0,0,0,0,0,0,0,0,0,745
24095040,780668,0,0,0,0,0,0,0,0,0,0,0,0,0,0
11262350,46044501,0,0,0,0,0,0,0,0,0,0,0,0,0,139
24660992,2413370,0,0,0,0,0,0,0,0,0,0,0,0,0,191
18824112,1078671,0,0,0,0,0,0,0,0,0,0,0,0,0,186
24660992,2423342,0,0,0,0,0,0,0,0,0,0,0,0,0,40
12905973,6324586,0,0,0,0,0,0,0,0,0,0,0,0,0,241
24660992,2412890,0,0,0,0,0,0,0,0,0,0,0,0,0,167
24660992,2414779,0,0,0,0,0,0,0,0,0,0,0,0,0,105
12905973,6330938,0,0,0,0,0,0,0,0,0,0,0,0,0,37
25273665,1291413,0,0,0,0,0,0,0,0,0,0,0,0,0,29
31159112,3993,0,0,0,0,0,0,0,0,0,0,0,0,0,74
12730407,5657345,0,0,0,0,0,0,0,0,0,0,149,0,0,0
24502148,44721,0,0,0,0,0,0,0,0,0,0,63,0,0,0
30290379,11556,0,0,0,0,0,0,0,0,0,0,91,36,0,0
30290379,11581,0,0,0,0,0,0,0,0,0,0,51,68,0,0
24524198,133550,0,0,0,0,0,0,0,0,0,0,66,14,0,0
24524198,133205,0,0,0,0,0,0,0,0,0,0,34,0,0,0
24524198,134446,0,0,0,0,0,0,0,0,0,0,0,84,0,0
29496362,9728,0,0,0,0,0,0,0,0,0,0,0,20,0,0
24524198,134725,0,0,0,0,0,0,0,0,0,0,0,72,25,0
29496362,9748,0,0,0,0,0,0,0,0,0,0,0,24,0,0
24821657,205,0,0,0,75,6,0,0,0,0,0,0,0,0,0
24821657,204,0,0,0,44,2,0,0,0,0,0,0,0,0,0
24821657,200,0,0,0,31,0,0,0,0,0,0,0,0,0,0
12905973,6223965,0,0,0,133,98,0,0,0,0,0,0,0,0,0
24821657,210,0,0,0,18,32,0,0,0,0,0,0,0,0,0
18824112,1051968,0,0,0,33,424,0,0,0,0,0,0,0,0,0
24821657,211,0,0,0,2,30,0,0,0,0,0,0,0,0,0
24821657,203,0,0,0,39,0,0,0,0,0,0,0,0,0,0
24660992,2285801,0,0,0,769,0,0,0,0,0,0,0,0,0,0
24095040,746775,0,0,0,631,350,0,0,0,0,0,0,0,0,0
12905973,6217478,0,0,0,484,0,0,0,0,0,0,0,0,0,0
12905973,6217668,0,0,0,736,0,0,0,0,0,0,0,0,0,0
11833155,2464929,0,0,0,259,0,0,0,0,0,0,0,0,0,0
11833155,2469958,0,0,0,137,503,0,0,0,0,0,0,0,0,0
22862667,541690,0,0,0,350,0,0,0,0,0,0,0,0,0,0
12905973,6224570,0,0,0,288,288,0,0,0,0,0,0,0,0,0
24660992,2296094,0,0,0,20,119,0,0,0,0,0,0,0,0,0
11833155,2469036,0,0,0,308,309,0,0,0,0,0,0,0,0,0
11833155,2466065,0,0,0,228,0,0,0,0,0,0,0,0,0,0
11833155,2466219,0,0,0,163,0,0,0,0,0,0,0,0,0,0
18824112,1069695,0,0,0,0,0,0,0,0,0,0,115,0,0,0
20091703,2213049,0,0,0,0,0,0,0,0,0,0,409,0,0,0
30792886,30485,0,0,0,0,0,0,0,0,0,0,19,4,0,0
24524198,133768,0,0,0,0,0,0,0,0,0,0,434,281,0,0
24660992,2384983,0,0,0,0,0,0,0,0,0,0,94,25,0,0
30412847,427,0,0,0,0,0,0,0,0,0,0,13,9,0,0
24660992,2388176,0,0,0,0,0,0,0,0,0,0,168,169,0,0
30867744,571651,0,0,0,0,0,0,0,0,0,0,5,0,0,0
28309579,214765,0,0,0,0,0,0,0,0,0,0,402,161,0,0
12905973,6299276,0,0,0,0,0,0,0,0,0,0,582,70,0,0
24660992,2382576,0,0,0,0,0,0,0,0,0,0,274,0,0,0
24095040,768512,0,0,0,0,0,0,0,0,0,0,1284,0,0,0
29453879,90772,0,0,0,0,0,0,52,0,0,0,0,0,0,0
24821657,274,0,0,0,0,0,0,0,0,0,29,0,0,0,0
15194989,2008,0,0,0,0,0,0,0,0,0,0,0,0,0,0
10050813,37997061,0,0,0,0,0,0,0,0,0,564,189,0,0,0
12905973,6289531,0,0,0,0,0,0,0,0,0,471,17,0,0,0
24660992,2368810,0,0,0,0,0,0,0,0,0,378,0,0,0,0
24660992,2379089,0,0,0,0,0,0,0,0,0,14,184,0,0,0
24821657,280,0,0,0,0,0,0,0,0,0,22,9,0,0,0
24821657,281,0,0,0,0,0,0,0,0,0,16,14,0,0,0
24660992,2376531,0,0,0,0,0,0,0,0,0,521,452,0,0,0
24660992,2371111,0,0,0,0,0,0,0,0,0,93,0,0,0,0
24660992,2374679,0,0,0,0,0,0,0,0,0,705,282,0,0,0
24660992,2373758,0,0,0,0,0,0,0,0,0,301,81,0,0,0
24660992,2374525,0,0,0,0,0,0,0,0,0,177,71,0,0,0
22457457,107914,0,0,0,0,0,0,0,0,0,396,131,0,0,0
24660992,2370753,0,0,0,0,0,0,0,0,0,4601,0,0,0,0
31318083,179,0,0,0,0,0,18,32,0,0,0,0,0,0,0
12567918,60139,0,0,0,0,0,11,2,0,0,0,0,0,0,0
23877303,1769,0,0,0,0,0,7,4,0,0,0,0,0,0,0
28099101,6977,0,0,0,0,0,3,7,0,0,0,0,0,0,0
12026840,4922783,0,0,0,0,0,167,419,0,0,0,0,0,0,0
24161771,31466,0,0,0,0,0,3,3,0,0,0,0,0,0,0
27756115,84120,0,0,0,0,0,5,2,0,0,0,0,0,0,0
12905973,6247137,0,0,0,0,0,15,8,0,0,0,0,0,0,0
30044111,765,0,0,0,0,0,1,1,0,0,0,0,0,0,0
31125547,548,0,0,0,0,0,1,0,0,0,0,0,0,0,0
11397348,72463,0,0,0,0,0,1,8,0,0,0,0,0,0,0
20635410,179874,0,0,0,0,0,5,1,0,0,0,0,0,0,0
16555151,26350,0,0,0,0,0,9,0,0,0,0,0,0,0,0
15630388,798,0,6,16,0,0,0,0,0,0,0,0,0,0,0
29496362,8457,0,46,0,0,0,0,0,0,0,0,0,0,0,0
31142888,535,0,16,27,0,0,0,0,0,0,0,0,0,0,0
29715312,1541,0,96,33,0,0,0,0,0,0,0,0,0,0,0
13886818,13515,0,2,29,0,0,0,0,0,0,0,0,0,0,0
13886818,13463,0,48,0,0,0,0,0,0,0,0,0,0,0,0
13886818,13453,0,221,0,0,0,0,0,0,0,0,0,0,0,0
24161771,27122,0,60,5,0,0,0,0,0,0,0,0,0,0,0
13886818,13472,0,83,10,0,0,0,0,0,0,0,0,0,0,0
16635819,827,0,37,0,0,0,0,0,0,0,0,0,0,0,0
16635819,852,0,37,6,0,0,0,0,0,0,0,0,0,0,0
17697338,28958,0,101,0,0,0,0,0,0,0,0,0,0,0,0
24660992,2264321,0,6053,1651,0,0,0,0,0,0,0,0,0,0,0
10050813,37850031,0,0,0,0,0,0,198,54,0,0,0,0,0,0
11833155,2488809,0,0,0,0,0,0,794,688,0,0,0,0,0,0
27097063,153893,0,0,0,0,0,0,249,99,0,0,0,0,0,0
24660992,2330995,0,0,0,0,0,0,397,86,0,0,0,0,0,0
24660992,2335041,0,0,0,0,0,0,0,0,0,0,0,0,0,0
18496353,3457,0,0,0,0,0,0,59,12,0,0,0,0,0,0
24821657,237,0,0,0,0,0,0,66,0,0,0,0,0,0,0
24821657,241,0,0,0,0,0,0,71,0,0,0,0,0,0,0
20154241,231986,0,0,0,0,0,0,40,5,0,0,0,0,0,0
24821657,244,0,0,0,0,0,0,81,18,0,0,0,0,0,0
24382523,1475027,0,0,0,0,0,0,19,9,0,0,0,0,0,0
27756115,85331,0,0,0,0,0,0,523,114,0,0,0,0,0,0
18496353,3572,0,0,0,0,0,0,2,27,0,0,0,0,0,0
27097063,153266,0,0,0,0,0,0,401,31,0,0,0,0,0,0
11427205,555492,0,0,0,0,0,0,200,81,0,0,0,0,0,0
12905973,6261595,0,0,0,0,0,0,436,436,0,0,0,0,0,0
24660992,2335689,0,0,0,0,0,0,103,89,0,0,0,0,0,0
31329479,120,0,0,0,0,0,0,94,0,0,0,0,0,0,0
24821657,245,0,0,0,0,0,0,80,32,0,0,0,0,0,0
12905973,6255673,0,0,0,0,0,0,861,0,0,0,0,0,0,0
24821657,243,0,0,0,0,0,0,135,5,0,0,0,0,0,0
24821657,236,0,0,0,0,0,0,56,0,0,0,0,0,0,0
27756115,85661,0,0,0,0,0,0,101,75,0,0,0,0,0,0
12905973,6255397,0,0,0,0,0,0,446,0,0,0,0,0,0,0
12905973,6252374,0,0,0,0,0,0,505,0,0,0,0,0,0,0
24095040,757859,0,0,0,0,0,0,622,169,0,0,0,0,0,0
24821657,242,0,0,0,0,0,0,186,0,0,0,0,0,0,0
24821657,247,0,0,0,0,0,0,19,35,0,0,0,0,0,0
24660992,2325534,0,0,0,0,0,0,589,0,0,0,0,0,0,0
27055079,270283,0,0,0,0,0,0,525,0,0,0,0,0,0,0
10211896,698760,0,0,0,0,0,0,0,0,0,11,15,0,0,0
31159112,2541,0,0,0,0,0,0,0,0,0,49,123,0,0,0
17149780,1029305,0,0,0,0,0,0,0,0,0,89,0,0,0,0
13680385,241535,0,0,0,0,0,0,0,0,0,25,4,0,0,0
14819076,2418,0,0,0,0,0,0,0,0,0,0,0,0,0,0
20024373,7039,0,0,0,0,0,0,0,0,0,2,0,0,0,0
24660992,2322668,0,0,0,0,0,296,1083,0,0,0,0,0,0,0
21822361,99215,0,0,0,0,0,14,35,0,0,0,0,0,0,0
24095040,752902,0,0,0,0,0,426,0,0,0,0,0,0,0,0
22681220,4233,0,0,0,0,0,33,14,0,0,0,0,0,0,0
12905973,6245027,0,0,0,0,0,362,79,0,0,0,0,0,0,0
18103359,15677,0,0,0,0,0,78,0,0,0,0,0,0,0,0
13886818,13714,0,0,0,0,0,198,65,0,0,0,0,0,0,0
28202786,3818,0,0,0,0,0,50,89,0,0,0,0,0,0,0
12905973,6246205,0,0,0,0,0,109,43,0,0,0,0,0,0,0
17157963,197445,0,0,0,0,0,38,21,0,0,0,0,0,0,0
11833155,2477257,0,0,0,0,0,185,0,0,0,0,0,0,0,0
13276223,7621188,0,0,0,0,0,246,0,0,0,0,0,0,0,0
12905973,6250170,0,0,0,0,0,112,411,0,0,0,0,0,0,0
31004171,184,0,0,0,0,0,11,7,0,0,0,0,0,0,0
24821657,232,0,0,0,0,0,12,17,0,0,0,0,0,0,0
31304146,3216,0,0,0,0,0,31,0,0,0,0,0,0,0,0
30622916,1428,0,0,0,0,0,2,12,0,0,0,0,0,0,0
30622916,1426,0,0,0,0,0,82,13,0,0,0,0,0,0,0
24095040,753207,0,0,0,0,0,192,7,0,0,0,0,0,0,0
24940962,4025,0,0,0,0,0,0,0,0,0,0,0,0,0,0
28309579,207821,0,0,0,0,0,91,164,0,0,0,0,0,0,0
24940962,4108,0,0,0,0,0,1,5,0,0,0,0,0,0,0
24940962,3991,0,0,0,0,0,1,0,0,0,0,0,0,0,0
30974274,25139,0,0,0,0,0,101,0,0,0,0,0,0,0,0
18496353,2615,0,0,0,86,0,0,0,0,0,0,0,0,0,0
11833155,2468175,0,0,0,67,38,0,0,0,0,0,0,0,0,0
24660992,2289245,0,0,0,1101,85,0,0,0,0,0,0,0,0,0
20154241,228340,0,0,0,486,59,0,0,0,0,0,0,0,0,0
24660992,2290957,0,0,0,132,44,0,0,0,0,0,0,0,0,0
24095040,746605,0,0,0,147,68,0,0,0,0,0,0,0,0,0
24095040,746174,0,0,0,285,34,0,0,0,0,0,0,0,0,0
12905973,6222683,0,0,0,453,214,0,0,0,0,0,0,0,0,0
24821657,207,0,0,0,16,9,0,0,0,0,0,0,0,0,0
24660992,2289253,0,0,0,1729,133,0,0,0,0,0,0,0,0,0
24660992,2292304,0,0,0,559,310,0,0,0,0,0,0,0,0,0
28018080,37124,0,0,0,68,68,0,0,0,0,0,0,0,0,0
12730407,5344661,0,0,0,8,21,0,0,0,0,0,0,0,0,0
24660992,2382034,0,0,0,0,0,0,0,0,0,0,441,0,0,0
24621251,1721789,0,0,0,0,0,0,0,0,0,0,275,0,0,0
22862667,581867,0,0,0,0,0,0,0,0,0,0,79,142,0,0
17149780,1029361,0,0,0,0,0,0,0,0,0,0,84,29,0,0
22862667,581148,0,0,0,0,0,0,0,0,0,0,81,71,0,0
24095040,768900,0,0,0,0,0,0,0,0,0,0,240,0,0,0
24660992,2386497,0,0,0,0,0,0,0,0,0,0,236,130,0,0
12905973,6300408,0,0,0,0,0,0,0,0,0,0,158,53,0,0
24821657,286,0,0,0,0,0,0,0,0,0,0,32,0,0,0
22862667,581764,0,0,0,0,0,0,0,0,0,0,60,80,0,0
12905973,6297260,0,0,0,0,0,0,0,0,0,0,341,0,0,0
27097063,166633,0,0,0,0,0,0,0,0,0,0,40,11,0,0
15061734,746175,0,0,0,0,0,0,0,0,0,0,182,0,0,0
17149780,1029376,0,0,0,0,0,0,0,0,0,0,27,36,0,0
12905973,6301531,0,0,0,0,0,0,0,0,0,0,244,158,0,0
19476767,867567,0,0,0,0,0,0,0,0,0,0,19,247,0,0
11833155,2514884,0,0,0,0,0,0,0,0,0,0,202,0,0,0
12285441,4288137,0,0,0,0,0,0,0,0,0,0,0,0,0,49
10298136,33885639,0,0,0,0,0,0,0,0,0,0,0,0,0,48
11121149,1074124,0,0,0,0,0,0,0,0,0,0,0,0,0,71
10094499,76056069,0,0,0,0,0,0,0,0,0,0,0,0,0,340
22305183,677,0,0,0,0,0,0,0,0,0,0,0,0,0,139
24382523,1504842,0,0,0,0,0,0,0,0,0,0,0,0,0,39
12905973,6326865,0,0,0,0,0,0,0,0,0,0,0,0,0,1628
12905973,6330266,0,0,0,0,0,0,0,0,0,0,0,0,0,1106
10298136,33877926,0,0,0,0,0,0,0,0,0,0,0,0,0,52
11121149,1075167,0,0,0,0,0,0,0,0,0,0,0,0,0,148
24660992,2423758,0,0,0,0,0,0,0,0,0,0,0,0,0,655
10298136,33881922,0,0,0,0,0,0,0,0,0,0,0,0,0,64
18824112,1078827,0,0,0,0,0,0,0,0,0,0,0,0,0,63
22862667,597158,0,0,0,0,0,0,0,0,0,0,0,0,0,83
24660992,2418153,0,0,0,0,0,0,0,0,0,0,0,0,0,394
15724392,4673937,0,0,0,0,0,0,0,0,0,0,0,0,0,82
27097063,177735,0,0,0,0,0,0,0,0,0,0,0,0,0,54
24660992,2420681,0,0,0,0,0,0,0,0,0,0,0,0,0,79
12905973,6327756,0,0,0,0,0,0,0,0,0,0,0,0,0,64
24095040,780843,0,0,0,0,0,0,0,0,0,0,0,0,0,454
22862667,596132,0,0,0,0,0,0,0,0,0,0,0,0,0,135
24660992,2415901,0,0,0,0,0,0,0,0,0,0,0,0,0,270
31503026,262,0,0,0,0,0,0,0,0,0,0,0,0,0,5
31503025,435,0,0,0,0,0,0,0,0,0,0,0,0,0,8
31503025,439,0,0,0,0,0,0,0,0,0,0,0,0,0,8
31503025,348,0,0,0,0,0,0,0,0,0,0,0,0,0,11
17697338,38204,0,0,0,0,0,0,0,0,0,0,0,0,0,7
31503026,261,0,0,0,0,0,0,0,0,0,0,0,0,0,5
27756115,95333,0,0,0,0,0,0,0,0,0,0,0,0,0,68
24826558,65785,0,0,0,0,0,0,0,0,0,0,0,0,0,17
24502148,45739,0,0,0,0,0,0,0,0,0,0,0,65,0,0
24524198,133378,0,0,0,0,0,0,0,0,0,0,1033,0,0,0
24524198,133721,0,0,0,0,0,0,0,0,0,0,34,19,0,0
24502148,44785,0,0,0,0,0,0,0,0,0,0,46,0,0,0
30848679,1354,0,0,0,0,0,0,0,0,0,0,52,0,0,0
24621251,1722177,0,0,0,0,0,0,0,0,0,0,516,0,0,0
24660992,2390155,0,0,0,0,0,0,0,0,0,0,57,344,0,0
27097063,167040,0,0,0,0,0,0,0,0,0,0,131,53,0,0
25455369,44515,0,0,0,0,0,0,0,0,0,0,115,0,0,0
27097063,165189,0,0,0,0,0,0,0,0,0,0,103,0,0,0
10100874,339892,0,0,0,0,0,0,0,0,0,0,74,0,0,0
10100874,340336,0,0,0,0,0,0,0,0,0,0,109,70,0,0
29496362,10095,0,0,0,0,0,0,0,0,0,0,0,0,0,8
24502148,48294,0,0,0,0,0,0,0,0,0,0,0,0,0,59
24524198,137438,0,0,0,0,0,0,0,0,0,0,0,0,0,112
24885887,1085745,0,0,0,0,0,0,0,0,0,0,0,0,0,29
24660992,2419580,0,0,0,0,0,0,0,0,0,0,0,0,0,676
27756115,94358,0,0,0,0,0,0,0,0,0,0,0,0,0,85
27097063,176215,0,0,0,0,0,0,0,0,0,0,0,0,0,83
17157963,370933,0,0,0,0,0,0,0,0,0,0,0,0,0,750
10100874,342723,0,0,0,0,0,0,0,0,0,0,0,0,0,78
10298136,33876810,0,0,0,0,0,0,0,0,0,0,0,0,0,659
10912875,9381645,0,0,0,0,0,0,0,0,0,0,432,73,0,0
24660992,2383708,0,0,0,0,0,0,0,0,0,0,563,43,0,0
12905973,6301781,0,0,0,0,0,0,0,0,0,0,596,447,0,0
27097063,166818,0,0,0,0,0,0,0,0,0,0,359,119,0,0
11121149,1062228,0,0,0,0,0,0,0,0,0,0,19,8,0,0
24660992,2386908,0,0,0,0,0,0,0,0,0,0,304,197,0,0
11121149,1062107,0,0,0,0,0,0,0,0,0,0,55,19,0,0
24821657,294,0,0,0,0,0,0,0,0,0,0,24,20,0,0
17902534,1243662,0,0,0,0,0,0,0,0,0,0,162,0,0,0
24660992,2382817,0,0,0,0,0,0,0,0,0,0,139,0,0,0
24382523,1492113,0,0,0,0,0,0,0,0,0,0,139,0,0,0
24660992,2387537,0,0,0,0,0,0,0,0,0,0,141,124,0,0
27756115,90689,0,0,0,0,0,0,0,0,0,0,131,85,0,0
13886818,14054,0,0,0,0,0,0,0,0,0,0,14,9,0,0
27756115,90585,0,0,0,0,0,0,0,0,0,0,51,20,0,0
17697338,37735,0,0,0,0,0,0,0,0,0,0,8,5,0,0
24660992,2389989,0,0,0,0,0,0,0,0,0,0,72,434,0,0
24821657,295,0,0,0,0,0,0,0,0,0,0,9,12,0,0
24660992,2380777,0,0,0,0,0,0,0,0,0,0,870,0,0,0
24821657,287,0,0,0,0,0,0,0,0,0,0,24,0,0,0
24821657,292,0,0,0,0,0,0,0,0,0,0,22,6,0,0
24660992,2379401,0,0,0,0,0,0,0,0,0,0,450,0,0,0
27097063,168098,0,0,0,0,0,0,0,0,0,0,168,617,0,0
24821657,291,0,0,0,0,0,0,0,0,0,0,38,6,0,0
25082827,7419,0,0,0,0,0,0,0,0,0,0,16,0,0,0
31329479,1718,0,0,0,0,0,0,0,0,0,0,196,0,0,0
24821657,284,0,0,0,0,0,0,0,0,0,0,20,0,0,0
24660992,2390086,0,0,0,0,0,0,0,0,0,0,18,107,0,0
24821657,285,0,0,0,0,0,0,0,0,0,0,27,0,0,0
13886818,14251,0,0,0,0,0,0,0,0,0,0,0,0,0,10
12905973,6323514,0,0,0,0,0,0,0,0,0,0,0,0,0,482
31503026,241,0,0,0,0,0,0,0,0,0,0,0,0,0,6
24821657,323,0,0,0,0,0,0,0,0,0,0,0,0,0,44
12905973,6326510,0,0,0,0,0,0,0,0,0,0,0,0,0,294
25082827,7536,0,0,0,0,0,0,0,0,0,0,0,0,0,11
31503025,438,0,0,0,0,0,0,0,0,0,0,0,0,0,6
24660992,2416822,0,0,0,0,0,0,0,0,0,0,0,0,0,162
31503025,400,0,0,0,0,0,0,0,0,0,0,0,0,0,8
12905973,6331718,0,0,0,0,0,0,0,0,0,0,0,0,0,56
18824112,1078705,0,0,0,0,0,0,0,0,0,0,0,0,0,143
31503026,311,0,0,0,0,0,0,0,0,0,0,0,0,0,6
31503025,404,0,0,0,0,0,0,0,0,0,0,0,0,0,8
24821657,328,0,0,0,0,0,0,0,0,0,0,0,0,0,11
24081850,1259635,0,0,0,0,0,0,0,0,0,0,0,0,0,737
31503025,442,0,0,0,0,0,0,0,0,0,0,0,0,0,9
31503026,302,0,0,0,0,0,0,0,0,0,0,0,0,0,5
12905973,6328150,0,0,0,0,0,0,0,0,0,0,0,0,0,362
24821657,320,0,0,0,0,0,0,0,0,0,0,0,0,0,23
24660992,2415470,0,0,0,0,0,0,0,0,0,0,0,0,0,248
31503026,232,0,0,0,0,0,0,0,0,0,0,0,0,0,5
31503025,368,0,0,0,0,0,0,0,0,0,0,0,0,0,9
31503026,218,0,0,0,0,0,0,0,0,0,0,0,0,0,5
31503026,309,0,0,0,0,0,0,0,0,0,0,0,0,0,5
24821657,330,0,0,0,0,0,0,0,0,0,0,0,0,0,9
24821657,329,0,0,0,0,0,0,0,0,0,0,0,0,0,13
24660992,2412939,0,0,0,0,0,0,0,0,0,0,0,0,0,300
29167503,4688,0,0,0,31,3,0,0,0,0,0,0,0,0,0
24161771,29384,0,0,0,2,3,0,0,0,0,0,0,0,0,0
17697338,33749,0,0,0,30,16,0,0,0,0,0,0,0,0,0
15588492,4192,0,0,0,5,2,0,0,0,0,0,0,0,0,0
30040676,12387,0,0,0,0,0,0,0,0,0,0,174,173,0,0
21970463,13558,0,0,0,0,0,0,0,0,0,0,0,0,0,0
24660992,2381356,0,0,0,0,0,0,0,0,0,0,231,0,0,0
10100874,340406,0,0,0,0,0,0,0,0,0,0,336,292,0,0
24502148,45148,0,0,0,0,0,0,0,0,0,0,34,16,0,0
24524198,133621,0,0,0,0,0,0,0,0,0,0,36,11,0,0
24095040,779565,0,0,0,0,0,0,0,0,0,0,0,0,0,88
10100874,342957,0,0,0,0,0,0,0,0,0,0,0,0,0,570
11121149,1074843,0,0,0,0,0,0,0,0,0,0,0,0,0,726
20548201,6556029,0,0,0,0,0,0,0,0,0,0,0,0,0,29
20548201,6550698,0,0,0,0,0,0,0,0,0,0,0,0,0,22
10094499,76088286,0,0,0,0,0,0,0,0,0,0,0,0,0,24
31525121,359,0,0,0,0,0,0,0,0,0,0,0,0,0,8
24660992,2264568,0,317,105,0,0,0,0,0,0,0,0,0,0,0
24660992,2260620,0,420,0,0,0,0,0,0,0,0,0,0,0,0
11833155,2447943,0,156,0,0,0,0,0,0,0,0,0,0,0,0
10070820,2519617,0,216,0,0,0,0,0,0,0,0,0,0,0,0
24660992,2263393,0,309,67,0,0,0,0,0,0,0,0,0,0,0
11833155,2448988,0,195,0,0,0,0,0,0,0,0,0,0,0,0
11833155,2450677,0,44,0,0,0,0,0,0,0,0,0,0,0,0
12730407,5206994,0,100,0,0,0,0,0,0,0,0,0,0,0,0
15579944,1786224,0,623,0,0,0,0,0,0,0,0,0,0,0,0
24502148,37321,0,70,0,0,0,0,0,0,0,0,0,0,0,0
12730407,5229122,0,28,9,0,0,0,0,0,0,0,0,0,0,0
12730407,5223822,0,39,6,0,0,0,0,0,0,0,0,0,0,0
12730407,5217541,0,29,0,0,0,0,0,0,0,0,0,0,0,0
12905973,6291914,0,0,0,0,0,0,0,0,0,603,285,0,0,0
11427205,570951,0,0,0,0,0,0,0,0,0,226,17,0,0,0
22681220,5268,0,0,0,0,0,0,0,0,0,109,0,0,0,0
18496353,3982,0,0,0,0,0,0,0,0,0,88,0,0,0,0
22681220,5595,0,0,0,0,0,0,0,0,0,26,47,0,0,0
24821657,278,0,0,0,0,0,0,0,0,0,17,4,0,0,0
19886439,840219,0,0,0,0,0,0,0,0,0,48,0,0,0,0
22681220,5296,0,0,0,0,0,0,0,0,0,31,0,0,0,0
22681220,5288,0,0,0,0,0,0,0,0,0,28,0,0,0,0
24660992,2376232,0,0,0,0,0,0,0,0,0,167,145,0,0,0
24095040,765965,0,0,0,0,0,0,0,0,0,637,0,0,0,0
24821657,282,0,0,0,0,0,0,0,0,0,14,13,0,0,0
24821657,277,0,0,0,0,0,0,0,0,0,31,4,0,0,0
24821657,276,0,0,0,0,0,0,0,0,0,39,0,0,0,0
12905973,6286983,0,0,0,0,0,0,0,0,0,387,0,0,0,0
12905973,6289944,0,0,0,0,0,0,0,0,0,395,31,0,0,0
25519541,2228,0,0,0,0,0,0,0,0,0,14,6,0,0,0
12905973,6286846,0,0,0,0,0,0,0,0,0,283,0,0,0,0
24660992,2370379,0,0,0,0,0,0,0,0,0,510,0,0,0,0
12905973,6292723,0,0,0,0,0,0,0,0,0,90,59,0,0,0
18496353,3988,0,0,0,0,0,0,0,0,0,80,0,0,0,0
24660992,2375167,0,0,0,0,0,0,0,0,0,378,179,0,0,0
24821657,272,0,0,0,0,0,0,0,0,0,25,0,0,0,0
24660992,2367450,0,0,0,0,0,0,0,0,0,154,0,0,0,0
24095040,766587,0,0,0,0,0,0,0,0,0,531,20,0,0,0
12905973,6295277,0,0,0,0,0,0,0,0,0,121,1575,0,0,0
22862667,574195,0,0,0,0,0,0,0,0,0,178,21,0,0,0
19476767,864769,0,0,0,0,0,0,0,0,0,158,136,0,0,0
24660992,2374906,0,0,0,0,0,0,0,0,0,334,158,0,0,0
15877415,5533,0,0,0,0,0,0,1,1,0,0,0,0,0,0
23877303,4273,0,0,0,0,0,0,6,0,0,0,0,0,0,0
26329657,4311,0,0,0,0,0,0,5,4,0,0,0,0,0,0
24137083,7495,0,0,0,0,0,0,2,0,0,0,0,0,0,0
24660992,2330782,0,0,0,0,0,0,507,85,0,0,0,0,0,0
30044111,3519,0,0,0,0,0,0,7,6,0,0,0,0,0,0
10100874,336939,0,0,0,0,0,0,129,70,0,0,0,0,0,0
18935280,702,0,0,0,0,0,0,14,0,0,0,0,0,0,0
26329657,2106,0,0,0,0,0,0,9,0,0,0,0,0,0,0
24660992,2337552,0,0,0,0,0,0,858,2145,0,0,0,0,0,0
15754634,7542522,0,0,0,0,0,0,508,0,0,0,0,0,0,0
22487277,5736,0,0,0,0,0,0,2,1,0,0,0,0,0,0
24660992,2338582,0,0,0,0,0,0,56,336,0,0,0,0,0,0
16996348,12850486,0,0,0,0,0,0,133,0,0,0,0,0,0,0
24826558,64735,0,0,0,0,0,0,3,16,0,0,0,0,0,0
26329657,2957,0,0,0,0,0,0,180,0,0,0,0,0,0,0
22487277,5692,0,0,0,0,0,0,114,87,0,0,0,0,0,0
24767342,30382,0,0,0,0,0,0,0,6,0,0,0,0,0,0
15856367,2716,0,0,0,0,0,0,0,0,0,0,0,0,0,0
12567918,60356,0,0,0,0,0,3,5,0,0,0,0,0,0,0
24161771,31125,0,0,0,0,0,33,8,0,0,0,0,0,0,0
24885887,924864,0,0,0,0,0,89,223,0,0,0,0,0,0,0
27756115,84469,0,0,0,0,0,68,122,0,0,0,0,0,0,0
17697338,35678,0,0,0,0,0,13,2,0,0,0,0,0,0,0
24161771,31123,0,0,0,0,0,53,11,0,0,0,0,0,0,0
12567918,60140,0,0,0,0,0,10,2,0,0,0,0,0,0,0
24161771,31120,0,0,0,0,0,13,2,0,0,0,0,0,0,0
16635819,1018,0,0,0,0,0,20,0,0,0,0,0,0,0,0
22507132,31699,0,0,0,0,0,20,0,0,0,0,0,0,0,0
17697338,35731,0,0,0,0,0,25,8,0,0,0,0,0,0,0
22487277,2678,0,0,0,0,0,15,13,0,0,0,0,0,0,0
31318083,231,0,0,0,0,0,7,39,0,0,0,0,0,0,0
22681220,4209,0,0,0,0,0,53,6,0,0,0,0,0,0,0
16635819,1023,0,0,0,0,0,9,10,0,0,0,0,0,0,0
28964928,695,0,0,0,0,0,41,26,0,0,0,0,0,0,0
25617002,13550,0,0,0,0,0,19,24,0,0,0,0,0,0,0
12567918,60137,0,0,0,0,0,17,3,0,0,0,0,0,0,0
17697338,35737,0,0,0,0,0,13,4,0,0,0,0,0,0,0
15654813,5323,0,0,0,0,0,1,6,0,0,0,0,0,0,0
10070820,2841672,0,0,0,0,0,26,1,0,0,0,0,0,0,0
17902928,17180,0,0,0,0,0,102,0,0,0,0,0,0,0,0
17373998,3845793,0,0,0,0,0,200,7,0,0,0,0,0,0,0
10100874,335920,0,0,0,0,0,3,9,0,0,0,0,0,0,0
24660992,2320872,0,0,0,0,0,168,224,0,0,0,0,0,0,0
31424900,23,0,0,0,0,0,0,0,0,0,1,1,0,0,0
15542115,97902,0,0,0,0,0,0,0,0,0,19,0,0,0,0
24621251,1700449,0,0,0,0,0,0,433,0,0,0,0,0,0,0
24821657,239,0,0,0,0,0,0,70,0,0,0,0,0,0,0
12905973,6254556,0,0,0,0,0,0,543,0,0,0,0,0,0,0
24660992,2324785,0,0,0,0,0,0,1150,0,0,0,0,0,0,0
18824112,1059253,0,0,0,0,0,0,156,12,0,0,0,0,0,0
11427205,556217,0,0,0,0,0,0,172,150,0,0,0,0,0,0
24660992,2337438,0,0,0,0,0,0,40,101,0,0,0,0,0,0
24660992,2331133,0,0,0,0,0,0,318,69,0,0,0,0,0,0
29765435,19547,0,0,0,0,0,0,195,92,0,0,0,0,0,0
11833155,2489501,0,0,0,0,0,0,77,140,0,0,0,0,0,0
28603018,10481,0,0,0,0,0,0,155,87,0,0,0,0,0,0
29434212,12808951,0,0,0,0,0,0,130,16,0,0,0,0,0,0
24660992,2328911,0,0,0,0,0,0,676,0,0,0,0,0,0,0
12905973,6257792,0,0,0,0,0,0,83,18,0,0,0,0,0,0
24660992,2335727,0,0,0,0,0,0,135,116,0,0,0,0,0,0
24660992,2328592,0,0,0,0,0,0,411,0,0,0,0,0,0,0
27756115,84910,0,0,0,0,0,0,156,0,0,0,0,0,0,0
24940962,4252,0,0,0,0,0,0,0,0,0,0,0,0,0,0
24940962,4218,0,0,0,0,0,0,0,1,0,0,0,0,0,0
24940962,4189,0,0,0,0,0,0,1,0,0,0,0,0,0,0
24940962,4181,0,0,0,0,0,0,0,0,0,0,0,0,0,0
30894970,1682,0,0,0,0,0,0,0,0,32,0,0,0,0,0
30079407,4482,0,0,0,0,0,0,0,0,262,1575,0,0,0,0
11833155,2477227,0,0,0,0,0,145,0,0,0,0,0,0,0,0
25016228,2764132,0,0,0,0,0,432,72,0,0,0,0,0,0,0
19476767,855045,0,0,0,0,0,11,69,0,0,0,0,0,0,0
18103359,15679,0,0,0,0,0,62,0,0,0,0,0,0,0,0
24821657,227,0,0,0,0,0,51,2,0,0,0,0,0,0,0
18103359,15678,0,0,0,0,0,30,0,0,0,0,0,0,0,0
27756115,84072,0,0,0,0,0,195,79,0,0,0,0,0,0,0
13886818,13724,0,0,0,0,0,164,142,0,0,0,0,0,0,0
24821657,233,0,0,0,0,0,28,50,0,0,0,0,0,0,0
24660992,2315731,0,0,0,0,0,529,63,0,0,0,0,0,0,0
31329479,63,0,0,0,0,0,14,50,0,0,0,0,0,0,0
12905973,6249134,0,0,0,0,0,867,1156,0,0,0,0,0,0,0
24821657,225,0,0,0,0,0,38,0,0,0,0,0,0,0,0
12905973,6249193,0,0,0,0,0,111,148,0,0,0,0,0,0,0
12905973,6249145,0,0,0,0,0,214,287,0,0,0,0,0,0,0
13276223,7623804,0,0,0,0,0,131,0,0,0,0,0,0,0,0
24660992,2313947,0,0,0,0,0,279,0,0,0,0,0,0,0,0
24821657,231,0,0,0,0,0,36,24,0,0,0,0,0,0,0
13886818,13719,0,0,0,0,0,35,26,0,0,0,0,0,0,0
24660992,2314607,0,0,0,0,0,1403,52,0,0,0,0,0,0,0
24821657,230,0,0,0,0,0,43,20,0,0,0,0,0,0,0
24660992,2318862,0,0,0,0,0,409,227,0,0,0,0,0,0,0
30622916,1424,0,0,0,0,0,54,0,0,0,0,0,0,0,0
12905973,6239680,0,0,0,0,0,801,0,0,0,0,0,0,0,0
30622916,1425,0,0,0,0,0,34,0,0,0,0,0,0,0,0
24660992,2313717,0,0,0,0,0,1306,0,0,0,0,0,0,0,0
12905973,6248045,0,0,0,0,0,613,530,0,0,0,0,0,0,0
12905973,6244824,0,0,0,0,0,444,74,0,0,0,0,0,0,0
24821657,229,0,0,0,0,0,40,9,0,0,0,0,0,0,0
24821657,235,0,0,0,0,0,17,61,0,0,0,0,0,0,0
24660992,2348500,0,0,0,0,0,0,0,664,315,0,0,0,0,0
11833155,2474992,0,0,0,0,89,58,0,0,0,0,0,0,0,0
12285441,3966285,0,0,0,0,268,233,0,0,0,0,0,0,0,0
24660992,2305367,0,0,0,0,707,393,0,0,0,0,0,0,0,0
24621251,1687556,0,0,0,0,187,0,0,0,0,0,0,0,0,0
11833155,2475523,0,0,0,0,70,60,0,0,0,0,0,0,0,0
11833155,2472289,0,0,0,0,74,0,0,0,0,0,0,0,0,0
11833155,2473163,0,0,0,0,116,14,0,0,0,0,0,0,0,0
11833155,2471637,0,0,0,0,52,0,0,0,0,0,0,0,0,0
13886818,13644,0,0,0,0,32,1,0,0,0,0,0,0,0,0
24821657,213,0,0,0,0,66,0,0,0,0,0,0,0,0,0
24621251,1689687,0,0,0,0,832,64,0,0,0,0,0,0,0,0
18103359,15676,0,0,0,0,2,27,0,0,0,0,0,0,0,0
24660992,2297289,0,0,0,0,776,0,0,0,0,0,0,0,0,0
12905973,6233102,0,0,0,0,505,84,0,0,0,0,0,0,0,0
13886818,13654,0,0,0,0,81,33,0,0,0,0,0,0,0,0
12905973,6235271,0,0,0,0,396,220,0,0,0,0,0,0,0,0
11833155,2475044,0,0,0,0,160,103,0,0,0,0,0,0,0,0
24821657,218,0,0,0,0,26,5,0,0,0,0,0,0,0,0
24660992,2308851,0,0,0,0,133,488,0,0,0,0,0,0,0,0
12905973,6227785,0,0,0,0,81,0,0,0,0,0,0,0,0,0
30622916,1423,0,0,0,0,84,73,0,0,0,0,0,0,0,0
24821657,221,0,0,0,0,62,53,0,0,0,0,0,0,0,0
24821657,216,0,0,0,0,24,0,0,0,0,0,0,0,0,0
24821657,222,0,0,0,0,9,33,0,0,0,0,0,0,0,0
11833155,2473438,0,0,0,0,75,12,0,0,0,0,0,0,0,0
24821657,215,0,0,0,0,44,0,0,0,0,0,0,0,0,0
18824112,1054857,0,0,0,0,70,257,0,0,0,0,0,0,0,0
24660992,2299966,0,0,0,0,598,0,0,0,0,0,0,0,0,0
24821657,223,0,0,0,0,5,61,0,0,0,0,0,0,0,0
24821657,220,0,0,0,0,15,9,0,0,0,0,0,0,0,0
24095040,764354,0,0,0,0,0,0,0,0,169,109,0,0,0,0
24095040,765156,0,0,0,0,0,0,0,0,42,156,0,0,0,0
11833155,2500687,0,0,0,0,0,0,0,0,207,0,0,0,0,0
10258021,18723064,0,0,0,0,0,0,0,0,342,136,0,0,0,0
27756115,87879,0,0,0,0,0,0,0,0,87,23,0,0,0,0
18496353,3764,0,0,0,0,0,0,0,0,12,0,0,0,0,0
10100874,338485,0,0,0,0,0,0,0,0,391,66,0,0,0,0
24660992,2362317,0,0,0,0,0,0,0,0,741,555,0,0,0,0
19308021,850158,0,0,0,0,0,0,0,0,398,48,0,0,0,0
22681220,5010,0,0,0,0,0,0,0,0,24,2,0,0,0,0
12767397,341364,0,0,0,0,0,0,0,0,13,3,0,0,0,0
10100874,338714,0,0,0,0,0,0,0,0,41,30,0,0,0,0
27756115,88295,0,0,0,0,0,0,0,0,50,90,0,0,0,0
23491849,942309,0,0,0,0,0,0,0,0,1,0,0,0,0,0
12905973,6276289,0,0,0,0,0,0,0,0,15,0,0,0,0,0
27756115,87729,0,0,0,0,0,0,0,0,257,30,0,0,0,0
30111128,6574,0,0,0,0,0,0,0,0,2,0,0,0,0,0
17728831,45941,0,0,0,0,0,0,0,0,16,0,0,0,0,0
12567918,59148,0,0,0,0,9,0,0,0,0,0,0,0,0,0
13047793,1039900,0,0,0,0,31,17,0,0,0,0,0,0,0,0
13903827,9313263,0,0,0,0,312,68,0,0,0,0,0,0,0,0
24885887,884488,0,0,0,0,97,64,0,0,0,0,0,0,0,0
18769195,5,0,0,0,0,22,21,0,0,0,0,0,0,0,0
24826558,62963,0,0,0,0,5,5,0,0,0,0,0,0,0,0
15240504,1,0,0,0,0,0,0,0,0,0,0,0,0,0,0
12905973,6232320,0,0,0,0,18,2,0,0,0,0,0,0,0,0
29453879,90432,0,0,0,0,62,7,0,0,0,0,0,0,0,0
24502148,40071,0,0,0,0,412,0,0,0,0,0,0,0,0,0
31220238,11329,0,0,0,0,0,0,0,445,0,0,0,0,0,0
24660992,2346352,0,0,0,0,0,0,0,371,62,0,0,0,0,0
31004171,204,0,0,0,0,0,0,0,36,19,0,0,0,0,0
24660992,2341874,0,0,0,0,0,0,0,323,0,0,0,0,0,0
28246391,27303,0,0,0,0,0,0,0,453,0,0,0,0,0,0
24660992,2346844,0,0,0,0,0,0,0,66,15,0,0,0,0,0
24660992,2343902,0,0,0,0,0,0,0,389,0,0,0,0,0,0
24660992,2346047,0,0,0,0,0,0,0,170,28,0,0,0,0,0
24660992,2345206,0,0,0,0,0,0,0,738,57,0,0,0,0,0
12905973,6273784,0,0,0,0,0,0,0,152,151,0,0,0,0,0
24940962,4289,0,0,0,0,0,0,0,2,0,0,0,0,0,0
19476767,857941,0,0,0,0,0,0,0,369,0,0,0,0,0,0
11121149,1047503,0,0,0,0,0,0,0,89,0,0,0,0,0,0
24660992,2347641,0,0,0,0,0,0,0,252,83,0,0,0,0,0
24095040,760463,0,0,0,0,0,0,0,353,13,0,0,0,0,0
11833155,2496156,0,0,0,0,0,0,0,163,90,0,0,0,0,0
22862667,564397,0,0,0,0,0,0,0,171,20,0,0,0,0,0
31365867,9,0,0,0,0,0,0,0,11,1,0,0,0,0,0
27756115,86568,0,0,0,0,0,0,0,477,79,0,0,0,0,0
13607041,52180,76,0,0,0,0,0,0,0,0,0,0,0,0,0
12730407,5160914,106,0,0,0,0,0,0,0,0,0,0,0,0,0
24821657,174,24,33,0,0,0,0,0,0,0,0,0,0,0,0
24821657,165,39,1,0,0,0,0,0,0,0,0,0,0,0,0
24502148,36649,113,0,0,0,0,0,0,0,0,0,0,0,0,0
19476767,840153,554,0,0,0,0,0,0,0,0,0,0,0,0,0
24660992,2255760,73,436,0,0,0,0,0,0,0,0,0,0,0,0
24660992,2243827,198,0,0,0,0,0,0,0,0,0,0,0,0,0
30974274,14676,37,135,0,0,0,0,0,0,0,0,0,0,0,0
12730407,5172337,37,3,0,0,0,0,0,0,0,0,0,0,0,0
12905973,6276170,0,0,0,0,0,0,0,0,1320,0,0,0,0,0
24660992,2365534,0,0,0,0,0,0,0,0,586,2150,0,0,0,0
24095040,762776,0,0,0,0,0,0,0,0,759,0,0,0,0,0
11121149,1055107,0,0,0,0,0,0,0,0,68,247,0,0,0,0
22681220,5001,0,0,0,0,0,0,0,0,118,9,0,0,0,0
24660992,2365752,0,0,0,0,0,0,0,0,70,423,0,0,0,0
18496353,3780,0,0,0,0,0,0,0,0,19,0,0,0,0,0
12905973,6275880,0,0,0,0,0,0,0,0,409,0,0,0,0,0
24821657,260,0,0,0,0,0,0,0,0,45,0,0,0,0,0
12905973,6281467,0,0,0,0,0,0,0,0,95,45,0,0,0,0
24660992,2366173,0,0,0,0,0,0,0,0,94,1224,0,0,0,0
12905973,6276583,0,0,0,0,0,0,0,0,1676,0,0,0,0,0
18496353,3900,0,0,0,0,0,0,0,0,17,30,0,0,0,0
12905973,6277425,0,0,0,0,0,0,0,0,687,0,0,0,0,0
12905973,6284477,0,0,0,0,0,0,0,0,142,355,0,0,0,0
18824112,1065005,0,0,0,0,0,0,0,0,178,21,0,0,0,0
24821657,261,0,0,0,0,0,0,0,0,48,0,0,0,0,0
12905973,6276997,0,0,0,0,0,0,0,0,2053,0,0,0,0,0
24821657,268,0,0,0,0,0,0,0,0,21,14,0,0,0,0
24660992,2358389,0,0,0,0,0,0,0,0,336,57,0,0,0,0
24821657,263,0,0,0,0,0,0,0,0,43,0,0,0,0,0
24821657,264,0,0,0,0,0,0,0,0,34,0,0,0,0,0
24660992,2357798,0,0,0,0,0,0,0,0,257,30,0,0,0,0
12905973,6277127,0,0,0,0,0,0,0,0,543,0,0,0,0,0
18824112,1064240,0,0,0,0,0,0,0,0,29,0,0,0,0,0
12905973,6276380,0,0,0,0,0,0,0,0,612,0,0,0,0,0
22681220,5244,0,0,0,0,0,0,0,0,5,63,0,0,0,0
24621251,1713972,0,0,0,0,0,0,0,0,173,129,0,0,0,0
24821657,269,0,0,0,0,0,0,0,0,21,18,0,0,0,0
24161771,27687,0,0,31,0,0,0,0,0,0,0,0,0,0,0
12567918,57917,0,0,103,8,0,0,0,0,0,0,0,0,0,0
17697338,31550,0,0,12,0,0,0,0,0,0,0,0,0,0,0
24660992,2281446,0,0,324,433,0,0,0,0,0,0,0,0,0,0
22507132,29557,0,0,71,9,0,0,0,0,0,0,0,0,0,0
24161771,28104,0,0,30,4,0,0,0,0,0,0,0,0,0,0
12567918,58238,0,0,117,211,0,0,0,0,0,0,0,0,0,0
22507132,29169,0,0,156,0,0,0,0,0,0,0,0,0,0,0
16635819,929,0,0,30,23,0,0,0,0,0,0,0,0,0,0
12567918,57760,0,0,38,0,0,0,0,0,0,0,0,0,0,0
24826558,60179,0,0,27,6,0,0,0,0,0,0,0,0,0,0
16635819,893,0,0,41,0,0,0,0,0,0,0,0,0,0,0
24161771,27727,0,0,78,0,0,0,0,0,0,0,0,0,0,0
24660992,2404159,0,0,0,0,0,0,0,0,0,0,0,0,613,0
27756115,93546,0,0,0,0,0,0,0,0,0,0,0,0,421,233
24821657,315,0,0,0,0,0,0,0,0,0,0,0,0,13,8
12905973,6319431,0,0,0,0,0,0,0,0,0,0,0,0,90,42
24660992,2405667,0,0,0,0,0,0,0,0,0,0,0,0,205,8
24821657,311,0,0,0,0,0,0,0,0,0,0,0,0,29,0
22862667,591908,0,0,0,0,0,0,0,0,0,0,0,0,51,70
27097063,172046,0,0,0,0,0,0,0,0,0,0,0,0,44,0
24821657,318,0,0,0,0,0,0,0,0,0,0,0,0,10,18
30974274,42499,0,0,0,0,0,0,0,0,0,0,0,0,33,3
30974274,42782,0,0,0,0,0,0,0,0,0,0,0,0,31,8
30622916,1429,0,0,0,0,0,0,0,0,0,0,0,0,1,0
24660992,2409273,0,0,0,0,0,0,0,0,0,0,0,0,69,45
27055079,281003,0,0,0,0,0,0,0,0,0,0,0,0,489,271
12905973,6318003,0,0,0,0,0,0,0,0,0,0,0,0,121,20
13276223,7723779,0,0,0,0,0,0,0,0,0,0,0,0,80,81
24660992,2405877,0,0,0,0,0,0,0,0,0,0,0,0,46,4
10912875,9607059,0,0,0,0,0,0,0,0,0,0,0,0,306,170
11121149,1070143,0,0,0,0,0,0,0,0,0,0,0,0,409,194
25455369,46571,0,0,0,0,0,0,0,0,0,0,0,146,111,0
13886818,14153,0,0,0,0,0,0,0,0,0,0,0,2,25,0
27097063,170056,0,0,0,0,0,0,0,0,0,0,0,157,43,0
,1253936,0,0,0,0,0,0,0,0,0,0,0,0,0,0
12905973,6305684,0,0,0,0,0,0,0,0,0,0,0,293,0,0
18824112,1072929,0,0,0,0,0,0,0,0,0,0,0,266,32,0
12905973,6305458,0,0,0,0,0,0,0,0,0,0,0,273,0,0
27097063,170667,0,0,0,0,0,0,0,0,0,0,0,230,149,0
27756115,92578,0,0,0,0,0,0,0,0,0,0,0,62,369,0
10094499,75329468,0,0,0,0,0,0,0,0,0,0,0,276,33,0
13886818,14089,0,0,0,0,0,0,0,0,0,0,0,16,0,0
11121149,1065189,0,0,0,0,0,0,0,0,0,0,0,484,58,0
24660992,2401090,0,0,0,0,0,0,0,0,0,0,0,67,399,0
20308773,25150,0,0,0,0,0,0,0,0,0,0,0,6,21,0
12877516,492748,0,0,0,0,0,0,0,0,0,0,0,382,0,0
31358817,754,0,0,0,0,0,0,0,0,0,0,0,2,4,0
18824112,1072542,0,0,0,0,0,0,0,0,0,0,0,265,0,0
24821657,306,0,0,0,0,0,0,0,0,0,0,0,11,27,0
12905973,6310293,0,0,0,0,0,0,0,0,0,0,0,472,262,0
10298136,33639526,0,0,0,0,0,0,0,0,0,0,0,39,5,0
24821657,304,0,0,0,0,0,0,0,0,0,0,0,12,17,0
13886818,14098,0,0,0,0,0,0,0,0,0,0,0,3,0,0
24660992,2400408,0,0,0,0,0,0,0,0,0,0,0,0,0,0
24660992,2393716,0,0,0,0,0,0,0,0,0,0,0,1448,0,0
24821657,305,0,0,0,0,0,0,0,0,0,0,0,7,12,0
24660992,2398773,0,0,0,0,0,0,0,0,0,0,0,126,94,0
13276223,7703166,0,0,0,0,0,0,0,0,0,0,0,1484,0,0
24621251,1726412,0,0,0,0,0,0,0,0,0,0,0,590,0,0
24660992,2396263,0,0,0,0,0,0,0,0,0,0,0,150,40,0
27097063,171714,0,0,0,0,0,0,0,0,0,0,0,9,52,0
11121149,1069972,0,0,0,0,0,0,0,0,0,0,0,0,549,220
24382523,1502447,0,0,0,0,0,0,0,0,0,0,0,0,427,278
27097063,173415,0,0,0,0,0,0,0,0,0,0,0,0,140,17
12285441,4239106,0,0,0,0,0,0,0,0,0,0,0,0,18,32
12285441,4208663,0,0,0,0,0,0,0,0,0,0,0,0,82,0
12905973,6321620,0,0,0,0,0,0,0,0,0,0,0,0,49,122
12285441,4230113,0,0,0,0,0,0,0,0,0,0,0,0,31,16
27097063,172787,0,0,0,0,0,0,0,0,0,0,0,0,173,0
28309579,217477,0,0,0,0,0,0,0,0,0,0,0,0,299,259
27097063,173455,0,0,0,0,0,0,0,0,0,0,0,0,118,14
10912875,9606982,0,0,0,0,0,0,0,0,0,0,0,0,347,192
24821657,316,0,0,0,0,0,0,0,0,0,0,0,0,8,9
24660992,2407160,0,0,0,0,0,0,0,0,0,0,0,0,402,111
12905973,6321335,0,0,0,0,0,0,0,0,0,0,0,0,771,1389
13886818,14219,0,0,0,0,0,0,0,0,0,0,0,0,17,13
24821657,319,0,0,0,0,0,0,0,0,0,0,0,0,2,30
30974274,42344,0,0,0,0,0,0,0,0,0,0,0,0,69,0
24821657,308,0,0,0,0,0,0,0,0,0,0,0,0,39,0
13886818,14233,0,0,0,0,0,0,0,0,0,0,0,0,9,50
24821657,313,0,0,0,0,0,0,0,0,0,0,0,0,19,2
24821657,312,0,0,0,0,0,0,0,0,0,0,0,0,19,1
24821657,314,0,0,0,0,0,0,0,0,0,0,0,0,21,6
24821657,309,0,0,0,0,0,0,0,0,0,0,0,0,20,0
10094499,75647051,0,0,0,0,0,0,0,0,0,0,0,0,157,6
12285441,4235958,0,0,0,0,0,0,0,0,0,0,0,0,83,111
12905973,6315959,0,0,0,0,0,0,0,0,0,0,0,0,223,0
12905973,6315882,0,0,0,0,0,0,0,0,0,0,0,0,361,0
13886818,14191,0,0,0,0,0,0,0,0,0,0,0,0,78,9
24660992,2411712,0,0,0,0,0,0,0,0,0,0,0,0,109,272
12905973,6310260,0,0,0,0,0,0,0,0,0,0,0,0,0,0
12905973,6308934,0,0,0,0,0,0,0,0,0,0,0,1050,228,0
18824112,1074225,0,0,0,0,0,0,0,0,0,0,0,11,66,0
27756115,92590,0,0,0,0,0,0,0,0,0,0,0,2,25,0
13908132,16053,0,0,0,0,0,0,0,0,0,0,0,2,7,0
24660992,2394789,0,0,0,0,0,0,0,0,0,0,0,156,12,0
10258021,18795140,0,0,0,0,0,0,0,0,0,0,0,121,0,0
27756115,91425,0,0,0,0,0,0,0,0,0,0,0,187,0,0
19476767,869167,0,0,0,0,0,0,0,0,0,0,0,0,0,0
12905973,6306817,0,0,0,0,0,0,0,0,0,0,0,527,0,0
24660992,2391617,0,0,0,0,0,0,0,0,0,0,0,223,0,0
10094499,75531460,0,0,0,0,0,0,0,0,0,0,0,18,235,0
24095040,771512,0,0,0,0,0,0,0,0,0,0,0,304,0,0
12905973,6307564,0,0,0,0,0,0,0,0,0,0,0,696,26,0
24660992,2399444,0,0,0,0,0,0,0,0,0,0,0,497,663,0
24821657,302,0,0,0,0,0,0,0,0,0,0,0,19,10,0
24524198,134170,0,0,0,0,0,0,0,0,0,0,0,600,0,0
24660992,2400040,0,0,0,0,0,0,0,0,0,0,0,40,71,0
24660992,2398275,0,0,0,0,0,0,0,0,0,0,0,139,90,0
13886818,14135,0,0,0,0,0,0,0,0,0,0,0,17,32,0
24660992,2281851,0,0,37,66,0,0,0,0,0,0,0,0,0,0
10258021,18540902,0,0,410,0,0,0,0,0,0,0,0,0,0,0
29975629,15224,0,0,420,0,0,0,0,0,0,0,0,0,0,0
12730407,5301701,0,0,2,29,0,0,0,0,0,0,0,0,0,0
24095040,744084,0,0,54,99,0,0,0,0,0,0,0,0,0,0
12730407,5301198,0,0,6,75,0,0,0,0,0,0,0,0,0,0
24660992,2278012,0,0,97,40,0,0,0,0,0,0,0,0,0,0
24660992,2281508,0,0,82,110,0,0,0,0,0,0,0,0,0,0
12730407,5290742,0,0,16,16,0,0,0,0,0,0,0,0,0,0
12730407,5288944,0,0,11,10,0,0,0,0,0,0,0,0,0,0
12730407,5285175,0,0,10,7,0,0,0,0,0,0,0,0,0,0
12730407,5281579,0,0,15,7,0,0,0,0,0,0,0,0,0,0
12730407,5279772,0,0,24,10,0,0,0,0,0,0,0,0,0,0
12730407,5275744,0,0,23,5,0,0,0,0,0,0,0,0,0,0
12730407,5276979,0,0,27,8,0,0,0,0,0,0,0,0,0,0
24095040,741726,0,0,162,0,0,0,0,0,0,0,0,0,0,0
12730407,5268356,0,0,43,2,0,0,0,0,0,0,0,0,0,0
29446433,215591,0,0,1381,0,0,0,0,0,0,0,0,0,0,0
20902646,30644,0,0,44,9,0,0,0,0,0,0,0,0,0,0
11833155,2476573,0,0,0,0,73,268,0,0,0,0,0,0,0,0
18824112,1054476,0,0,0,0,465,465,0,0,0,0,0,0,0,0
24660992,2300501,0,0,0,0,726,0,0,0,0,0,0,0,0,0
12905973,6238347,0,0,0,0,87,316,0,0,0,0,0,0,0,0
12905973,6238539,0,0,0,0,111,408,0,0,0,0,0,0,0,0
12905973,6232902,0,0,0,0,379,63,0,0,0,0,0,0,0,0
12905973,6234934,0,0,0,0,174,83,0,0,0,0,0,0,0,0
24660992,2303565,0,0,0,0,377,82,0,0,0,0,0,0,0,0
24621251,1689732,0,0,0,0,444,54,0,0,0,0,0,0,0,0
13886818,13675,0,0,0,0,36,65,0,0,0,0,0,0,0,0
25273665,1156837,0,0,0,0,451,0,0,0,0,0,0,0,0,0
24095040,751833,0,0,0,0,15,197,0,0,0,0,0,0,0,0
24095040,749658,0,0,0,0,624,105,0,0,0,0,0,0,0,0
19476767,852426,0,0,0,0,53,321,0,0,0,0,0,0,0,0
11833155,2474231,0,0,0,0,278,93,0,0,0,0,0,0,0,0
11833155,2470723,0,0,0,0,272,0,0,0,0,0,0,0,0,0
11833155,2476520,0,0,0,0,16,58,0,0,0,0,0,0,0,0
22862667,547799,0,0,0,0,293,0,0,0,0,0,0,0,0,0
24095040,749261,0,0,0,0,542,20,0,0,0,0,0,0,0,0
24940962,3899,0,0,0,0,1,1,0,0,0,0,0,0,0,0
24940962,3866,0,0,0,0,0,0,0,0,0,0,0,0,0,0
24095040,751459,0,0,0,0,44,159,0,0,0,0,0,0,0,0
24502148,42293,0,0,0,0,0,0,0,48,9,0,0,0,0,0
29364668,16,0,0,0,0,0,0,0,8,0,0,0,0,0,0
24524198,130822,0,0,0,0,0,0,0,51,28,0,0,0,0,0
24660992,2349309,0,0,0,0,0,0,0,1774,987,0,0,0,0,0
10100874,337713,0,0,0,0,0,0,0,161,19,0,0,0,0,0
25585583,38640,0,0,0,0,0,0,0,98,0,0,0,0,0,0
31047043,2187,0,0,0,0,0,0,0,0,2,6,0,0,0,0
27097063,160305,0,0,0,0,0,0,0,0,111,83,0,0,0,0
10100874,338605,0,0,0,0,0,0,0,0,81,40,0,0,0,0
11121149,1052156,0,0,0,0,0,0,0,0,112,0,0,0,0,0
12905973,6285179,0,0,0,0,0,0,0,0,28,167,0,0,0,0
22681220,5018,0,0,0,0,0,0,0,0,0,0,0,0,0,0
22681220,5123,0,0,0,0,0,0,0,0,13,12,0,0,0,0
22681220,5218,0,0,0,0,0,0,0,0,3,21,0,0,0,0
12877516,489209,0,0,0,0,0,0,0,0,46,276,0,0,0,0
17728831,45940,0,0,0,0,0,0,0,0,10,0,0,0,0,0
31318083,1836,0,0,0,0,0,0,0,0,26,21,0,0,0,0
27756115,87614,0,0,0,0,0,0,0,0,420,32,0,0,0,0
17149780,1029281,0,0,0,0,0,0,0,0,72,34,0,0,0,0
25070018,405427,250,449,0,0,0,0,0,0,0,0,0,0,0,0
22507132,28066,66,49,0,0,0,0,0,0,0,0,0,0,0,0
22507132,28004,44,24,0,0,0,0,0,0,0,0,0,0,0,0
12567918,56717,48,47,0,0,0,0,0,0,0,0,0,0,0,0
25159465,5513135,0,0,0,0,0,0,0,0,0,0,0,0,0,0
12567918,56110,13,0,0,0,0,0,0,0,0,0,0,0,0,0
24660992,2253483,147,198,0,0,0,0,0,0,0,0,0,0,0,0
30886032,62831003,0,0,0,0,0,0,0,0,0,0,0,0,0,0
24660992,2349165,0,0,0,0,0,0,0,741,411,0,0,0,0,0
11121149,1049623,0,0,0,0,0,0,0,441,121,0,0,0,0,0
24382523,1481109,0,0,0,0,0,0,0,103,88,0,0,0,0,0
25016228,2809633,0,0,0,0,0,0,0,411,112,0,0,0,0,0
18496353,3651,0,0,0,0,0,0,0,18,0,0,0,0,0,0
24660992,2348026,0,0,0,0,0,0,0,1487,595,0,0,0,0,0
22681220,4722,0,0,0,0,0,0,0,27,2,0,0,0,0,0
27756115,86194,0,0,0,0,0,0,0,563,0,0,0,0,0,0
12905973,6275361,0,0,0,0,0,0,0,46,597,0,0,0,0,0
24660992,2347062,0,0,0,0,0,0,0,4262,1161,0,0,0,0,0
12905973,6267306,0,0,0,0,0,0,0,1195,0,0,0,0,0,0
24821657,255,0,0,0,0,0,0,0,58,4,0,0,0,0,0
11833155,2496430,0,0,0,0,0,0,0,165,106,0,0,0,0,0
24660992,2345087,0,0,0,0,0,0,0,321,25,0,0,0,0,0
24660992,2348937,0,0,0,0,0,0,0,255,142,0,0,0,0,0
12905973,6272643,0,0,0,0,0,0,0,290,218,0,0,0,0,0
24660992,2342895,0,0,0,0,0,0,0,546,0,0,0,0,0,0
24821657,259,0,0,0,0,0,0,0,27,18,0,0,0,0,0
24821657,254,0,0,0,0,0,0,0,81,0,0,0,0,0,0
24821657,251,0,0,0,0,0,0,0,85,0,0,0,0,0,0
12905973,6267874,0,0,0,0,0,0,0,588,0,0,0,0,0,0
24660992,2352988,0,0,0,0,0,0,0,9,117,0,0,0,0,0
24660992,2347764,0,0,0,0,0,0,0,562,187,0,0,0,0,0
24821657,248,0,0,0,0,0,0,0,64,0,0,0,0,0,0
24660992,2343355,0,0,0,0,0,0,0,289,0,0,0,0,0,0
14911692,332324,0,0,0,0,0,0,0,51,185,0,0,0,0,0
12905973,6266745,0,0,0,0,0,0,0,409,0,0,0,0,0,0
12905973,6273327,0,0,0,0,0,0,0,227,198,0,0,0,0,0
24660992,2348355,0,0,0,0,0,0,0,329,156,0,0,0,0,0
24621251,1714234,0,0,0,0,0,0,0,0,180,156,0,0,0,0
18824112,1064986,0,0,0,0,0,0,0,0,229,28,0,0,0,0
24660992,2359981,0,0,0,0,0,0,0,0,594,197,0,0,0,0
24821657,267,0,0,0,0,0,0,0,0,27,13,0,0,0,0
24821657,265,0,0,0,0,0,0,0,0,43,9,0,0,0,0
12905973,6279092,0,0,0,0,0,0,0,0,438,34,0,0,0,0
18824112,1066062,0,0,0,0,0,0,0,0,94,125,0,0,0,0
24660992,2364394,0,0,0,0,0,0,0,0,143,356,0,0,0,0
12905973,6285567,0,0,0,0,0,0,0,0,77,1003,0,0,0,0
30221664,176093,0,0,0,0,0,0,0,0,222,88,0,0,0,0
24621251,1712975,0,0,0,0,0,0,0,0,176,47,0,0,0,0
24621251,1712629,0,0,0,0,0,0,0,0,375,62,0,0,0,0
13276223,7668463,0,0,0,0,0,0,0,0,380,46,0,0,0,0
18824112,1064227,0,0,0,0,0,0,0,0,839,0,0,0,0,0
24660992,2359453,0,0,0,0,0,0,0,0,175,47,0,0,0,0
27756115,88086,0,0,0,0,0,0,0,0,304,196,0,0,0,0
