postId,post_title,posting_score_numeric,exposure_score,score_가독성,score_주제,score_콘텐츠,score_키워드,score_형태소,score_후기/정보,content_with_space,word_count,valid_images,invalid_images,non_brand_inflow,non_brand_average_C
223277112963,동탄 치과 송곳니 충치는 레진으로 당일 치료 !,6,48.13,73.94,75.61,68.99,87.91,56.28,84.0,2209.0,171.0,0.0,5.0,856,0.03050324056389057
223577753077,"""이가 깨졌어요 발치 해야 되나요?""깨진 앞니 레진 수복으로 해결한 케이스 동탄동 치과",5,37.71,77.84,67.71,59.89,81.87,64.54,79.0,1643.0,108.0,0.0,4.0,536,0.02282795330809008
223314621811,동탄2치과 '치수 절단술(pulpotomy)'로 자연치아 살리기,5,36.47,75.29,75.29,59.96,81.6,64.97,14.0,1632.0,121.0,2.0,8.0,437,0.008143323399367885
223298901342,동탄치과 재신경치료 기간 / 과정 / 후기를 담은 글,5,36.47,77.6,76.0,59.57,83.26,59.97,70.0,1558.0,103.0,2.0,9.0,368,0.04311245354040678
223205080746,"""교정 중인데 이가 까맣게 변했어요."" 변색 원인 및 치료 과정 동탄 내이튼 치과",5,37.71,77.81,70.22,66.82,81.06,71.52,55.0,1233.0,82.0,2.0,3.0,225,0.050112774399136
223733898487,앞니 벌어짐 어떤 방법으로 해결할 수 있을까? 동탄2 치과 에서 자연스러운 모습으로 개선한 증례,5,37.71,78.91,66.28,59.14,34.12,58.01,13.0,1586.0,108.0,2.0,1.0,336,0.007382751760402722
223630259710,화성 치과 앞니 신경치료 후 잇몸 변색과 뿌리 염증이 나타났다? 치아 발치 후 브릿지로 해결한 사례,5,37.71,76.76,66.74,61.88,83.67,67.82,87.0,1864.0,119.0,3.0,2.0,270,0.07053017360914093
223357699582,이가 안으로 들어가는 '함입 외상 (Intrusion injury)' 화성 치과 신경치료로 신경 및 혈관 손상 개선,5,36.47,75.36,70.56,66.9,79.73,67.88,81.0,2078.0,132.0,2.0,7.0,239,0.005111623529490946
223469003670,"동탄치과, 보존과 전문의의 재신경치료 과정! 이렇게 해야합니다!",5,37.71,76.24,66.81,63.32,81.15,46.93,18.0,1959.0,144.0,2.0,3.0,228,0.06710168992633023
223278935005,"오래된 아말감과 2차 충치 한 번에 레진 인레이로 교체, 동탄 치과",5,37.71,76.74,70.78,73.98,79.96,53.78,90.0,2628.0,193.0,1.0,5.0,213,0.020310601462503755
223619831819,"치주염으로 인한 앞니 잇몸 퇴축, 치과 에서 치아 브릿지 교체와 치주 치료로 해결한 사례",5,37.71,79.88,66.31,59.82,82.77,66.8,16.0,1630.0,119.0,1.0,2.0,163,0.016537316067797583
223167068424,"타원 발치 진단을 받은 치아, 보존과 전문의의 신경치료로 자연치아 살리기! 동탄치과추천",5,37.71,74.8,66.93,60.72,79.72,56.58,21.0,1739.0,111.0,1.0,5.0,203,0.04908980852078434
223236128970,"""이가 썩은 거 같아요!"" 소구치 인접면, 교합면 동탄 충치치료 과정",5,37.71,79.23,71.99,59.38,80.01,57.24,15.0,1563.0,101.0,0.0,4.0,195,0.01918236647879349
223199107505,"금이 간 어금니, 동탄치과 크랙 치아 신경치료 및 크라운 수복 과정",5,37.71,76.04,72.46,69.62,83.29,65.53,16.0,1496.0,111.0,1.0,4.0,190,0.02392437952972204
223269220996,"잇몸에 가득 찬 염증, 대학병원 가지 않고 화성치과 재신경치료로 개선 완료",5,36.47,74.0,69.52,59.38,82.47,58.35,64.0,1529.0,108.0,2.0,6.0,188,0.03279416630695114
223232140530,미세현미경을 사용한 동탄역치과 고난도 재신경치료 케이스!,5,36.47,78.14,76.8,69.09,81.7,56.17,67.0,1480.0,100.0,5.0,5.0,137,0.01261003427351781
223351549700,0,0,0.0,0.0,0.0,0.0,0.0,0.0,0.0,0.0,0.0,0.0,0.0,176,0.02297907230173748
223340074448,"동탄역 치과 금(crack)이 간 어금니, 신경치료 (endo) 기간 및 과정에 대한 글",5,36.47,75.54,66.6,60.87,83.97,58.26,79.0,1732.0,131.0,1.0,8.0,178,0.015914645050579112
223129980681,"기존 임플란트 픽스쳐의 파절, 동탄동 치과 재수술로 개선 완료",5,37.71,77.93,72.87,62.62,83.39,68.18,85.0,1898.0,127.0,2.0,6.0,173,0.010184912719617602
223332854160,"동탄역 치과 우측 아래 어금니에 생긴 찌릿한 통증, 원인은 수직 치근 파절?",5,37.71,77.14,70.25,60.05,86.25,66.34,68.0,1637.0,120.0,3.0,4.0,170,0.021720393573108798
223655729530,"동탄동 치과 치아 변색의 원인, 괴사 된 치수로 검고 탁한 앞니 신경치료와 실활치 미백으로 개선 증례",5,37.71,80.04,63.97,59.08,83.65,64.57,69.0,1564.0,111.0,3.0,1.0,162,0.022900231433521205
223627571544,방심한 사이 나타난 치아 옆면 충치균 오산동 치과 에서 레진 치료 방법을 통해서 자연치 보존하기,5,37.71,79.93,67.55,59.75,79.62,67.04,74.0,1631.0,113.0,0.0,3.0,156,0.02758724755936252
223760730069,화성 치과 신경 치료 후 염증이 나타날 수 있다? 발치 후 임플란트를 진행한 사례,5,37.71,77.95,68.33,60.85,85.06,65.43,80.0,1743.0,124.0,1.0,4.0,156,0.027945265995411177
223507701785,치아가 깨졌어요... 깨진 이 동탄역 치과 에서 감쪽같이 만들어드렸습니다.,5,37.71,77.26,69.09,59.78,79.57,43.55,80.0,1581.0,111.0,2.0,3.0,144,0.008481571816433551
223159021007,동탄치과 큐레이를 사용한 정확한 충치 진단 후 레진 수복으로 당일 치료 완료!,5,36.47,78.01,65.43,60.46,84.53,63.16,61.0,1670.0,122.0,3.0,4.0,143,0.00656539846721973
223636574839,골드 인레이를 씌운 어금니가 크랙이 났다? 동탄역 치과 치아 파절로 인한 크라운 수복 사례,5,37.71,76.69,67.82,59.68,77.03,61.15,72.0,1617.0,112.0,1.0,2.0,147,0.03238601268390904
223360812566,"벌어지고 튀어나온 앞니, 동탄역 치과 에서 교정 없이 개선을 도와드렸던 방법은?!",5,37.71,76.56,67.6,60.11,85.53,50.84,70.0,1638.0,117.0,4.0,1.0,50,0.0174159979712317
223363365773,[ 동탄치과추천 ] 치아 수평 치근 파절로 발치 후 즉시 식립 임플란트 2개월 만에 완성,5,37.71,76.96,66.38,59.05,84.47,58.15,71.0,1524.0,108.0,1.0,6.0,138,0.012525622240502913
223367609103,동탄2치과 충치를 예방할 수 있는 어린이 실란트 (치아 홈 메우기)의 중요성!,5,37.71,74.78,70.94,69.04,78.63,56.65,68.0,1413.0,95.0,4.0,2.0,142,0.01654750389831985
223660476078,오산동 치과 아랫니 유치 잔존으로 영구치가 자라지 않았다? 앞니 브릿지로 심미 개선한 케이스,5,37.71,77.95,63.71,60.51,86.52,66.33,72.0,1682.0,118.0,4.0,2.0,136,0.026872387781453816
223682403570,검진 중 발견한 어금니 레진 깨짐과 치아 내부 충치 오산동 치과 에서 골드 인레이로 깔끔하게 해결한 증례,5,37.71,78.29,66.29,59.63,75.86,66.49,74.0,1616.0,109.0,0.0,4.0,130,0.023855607819928175
223707076590,외상으로 인한 치아 끝 깨짐과 앞니 잇몸 통증 동탄 치과 에서 어떤 방법으로 해결했을까?,5,37.71,79.64,65.41,61.3,78.95,66.31,11.0,1796.0,122.0,3.0,2.0,132,0.019948736061965792
223431220382,"오산동 치과 교정 후 검게 변한 앞니, 신경치료 및 실활치 미백으로 개선 완료",5,37.71,75.53,68.65,60.5,85.63,62.05,74.0,1696.0,106.0,2.0,3.0,131,0.012928818498105777
223156065790,"수직 치근 파절 (Vertical root fracture)이 나타난 작은 어금니, 동탄 임플란트 로 개선을 도와드렸습니다!",5,37.71,74.31,67.34,67.5,85.01,66.2,83.0,2113.0,134.0,0.0,11.0,123,0.027555090086635443
223462135488,"동탄역 치과 ""어른 유치, 작은 어린이 치아 이대로 괜찮을까요??""",5,36.47,78.03,72.78,68.92,88.07,65.59,59.0,1435.0,97.0,7.0,1.0,125,0.09978000688833263
223401398737,"동탄치과 추천 받고 오셨던 분의 후기, 치수 괴사 신경치료 / 치관 파절 임플란트",5,36.47,77.5,70.86,61.68,82.98,61.07,77.0,1801.0,118.0,0.0,8.0,124,0.013351138971451269
223245500936,미세현미경으로 숨은 근관 찾기! 동탄역치과 MB2 고난도 신경치료 과정,5,37.71,76.9,67.89,66.88,83.24,56.37,39.0,1192.0,89.0,0.0,5.0,124,0.005561545372866128
223356020737,어금니 인레이 밑으로 생긴 충치 때문에 염증이 상악동까지 퍼졌다?! 동탄호수공원치과,5,36.47,75.91,65.76,60.39,79.03,56.46,72.0,1685.0,110.0,6.0,3.0,117,0.004014660307557863
223367277748,"치아 옆면에 생긴 충치, 인접면 우식의 위험성! 동탄역 치과",5,37.71,77.63,72.93,68.76,81.53,58.89,56.0,1380.0,112.0,0.0,5.0,121,0.011177238848149425
223260606003,신경치료를 받았던 앞니 색이 변했어요. 동탄치과 실활치 미백(walking bleach) 과정,5,36.47,75.28,67.63,67.01,78.57,57.21,66.0,1193.0,84.0,6.0,2.0,114,0.013751990631896248
223133332263,'이 사이가 벌어졌어요.' 오산동 치과 레진 당일 수복 증례 (앞니 다이아스테마_Diastema),5,37.71,76.44,67.69,63.36,81.92,67.37,84.0,1976.0,126.0,4.0,4.0,112,0.00800885089978633
223732797065,치주 질환에 의해 내려간 잇몸 동탄 치과 에서 임플란트와 신경치료를 진행한 증례,5,37.71,76.73,67.88,62.47,80.88,62.15,78.0,1919.0,144.0,5.0,1.0,117,0.024717133133533187
223127778693,"정기검진, 이렇게나 중요합니다! 동탄 내이튼 치과",5,36.47,75.91,75.41,67.35,77.23,50.32,85.0,2071.0,135.0,3.0,7.0,38,0.0051522788939130934
223307057929,"이차 충치로 잔존 치질이 얼마 남지 않은 곳, 자연치를 살릴 수 있었을까? 동탄치과",6,46.89,79.23,67.7,61.81,79.7,55.41,91.0,1818.0,115.0,2.0,8.0,114,0.028337935628980404
223132361960,동탄 신경치료 이왕이면 보존과 전문의에게 받는 것이 좋지 않을까요?,5,37.71,78.0,69.56,62.29,79.31,57.88,82.0,1876.0,116.0,0.0,7.0,101,0.03263445491706361
223215122462,"""예전에 치료받았던 곳이 너무 아파요."" 얼굴까지 붓기가 이어졌던 원인은? 동탄치과 농양 제거 과정",5,36.47,76.38,64.78,67.82,77.4,57.71,65.0,1349.0,101.0,3.0,4.0,108,0.00896788808000337
223724665134,신경치료 후 크라운 이후 앞니 치아 변색이 일어난 이유는? 동탄 치과 에서 실활치 미백으로 해결한 케이스,5,37.71,80.55,65.72,59.73,82.3,65.03,7.0,1643.0,117.0,3.0,1.0,109,0.04658561433201486
223572003924,동탄역 치과 염증으로 인한 앞니 통증을 치근단절제술으로 해결한 사례,5,37.71,78.0,68.45,59.64,85.12,59.87,91.0,1617.0,113.0,1.0,3.0,100,0.019074033406448924
223869870358,화성 치과 급성 치수염 증상 및 신경치료 과정을 살펴봅시다.,5,36.47,73.33,71.0,60.35,82.06,59.56,50.0,1683.0,134.0,8.0,3.0,107,0.00435010652940025
223330672507,"""잇몸 색이 까맣게 변했어요."" 동탄호수공원 치과 재신경치료, 크라운 과정",5,37.71,76.9,68.89,58.7,82.99,60.54,63.0,1506.0,104.0,4.0,3.0,106,0.010244785567330349
223598756784,동탄2치과 교정치료 후 치아 뿌리 흡수로 인한 흔들림 앞니 발치 당일 임플란트 식립으로 빠르게 해결해 드렸습니다.,5,37.71,78.73,66.63,61.52,78.54,59.3,75.0,1820.0,129.0,2.0,3.0,103,0.030559835411708976
223757805212,"동탄2 치과 엔도를 받은 뒤에 찾아온 치아 뿌리 염증 통증, 재신경치료 후 치근단 절제술을 진행한 케이스",5,37.71,79.35,67.96,61.68,74.92,62.35,89.0,1851.0,116.0,3.0,2.0,100,0.02088901994353673
223556089501,"틀니 통증으로 고난이도 윗니 전체 임플란트 진행하신 70대 환자 케이스, 의료보험 기준은? 화성 치과추천",5,36.47,75.03,67.7,67.09,79.41,63.48,81.0,2050.0,133.0,6.0,3.0,96,0.02038237334994358
223692083052,앞니 잇몸 내려앉음으로 오산동 치과 에서 지르코니아 크라운 교체 과정을 거친 증례,5,37.71,75.44,69.12,58.9,79.0,65.26,76.0,1527.0,125.0,2.0,2.0,87,0.010283016534413922
223629030784,동탄역 치과 앞니 끝 깨짐으로 인한 치아 벌어짐 라미네이트와 레진 치료를 통해 심미 회복하기,5,37.71,77.29,67.97,60.22,83.56,63.81,69.0,1662.0,128.0,2.0,1.0,86,0.018917880836765204
223432011619,"동탄역 치과 에서 오래된 PFM 제거 후, 심미적인 지르코니아 크라운을 씌워드렸습니다. (앞니 심미보철 제작 과정)",5,37.71,75.65,67.91,69.52,81.05,58.5,69.0,1497.0,109.0,3.0,1.0,85,0.005079163124732745
223269940028,"동탄역 치과 ""신경치료받았던 치아가 다시 아파요"" 부근관 발견 및 치료 성공 사례",5,36.47,77.69,69.26,67.62,86.98,59.01,9.0,1250.0,106.0,6.0,4.0,78,0.006213129065409647
223457546240,"동탄역 치과 세라믹 인레이 파절, 튼튼한 어금니 골드 보철로 재수복을 도와드렸습니다🦷",5,37.71,74.19,68.86,58.68,85.39,66.91,68.0,1507.0,105.0,0.0,4.0,82,0.017489828936657594
223623932986,엔도 후 씌운 치아에 다시 통증이 느껴진다? 동탄동 치과 에서 어금니 재신경치료를 통해 해결한 사례,5,37.71,77.58,66.75,59.72,76.68,61.36,70.0,1640.0,102.0,3.0,1.0,81,0.034609130984888485
223829595540,"잇몸에 물집 , 염증 덩어리 의심해 볼 수 있습니다 동탄동 치과 치근단 병소 치료 과정",5,37.71,76.35,68.21,61.0,82.74,64.28,83.0,1751.0,136.0,4.0,2.0,74,0.01798838778788562
223139566281,기존 임플란트가 흔들리는 이유는 무엇일까? 미세현미경을 사용한 화성치과 나사 제거 및 재보철 증례,5,37.71,78.18,64.41,60.61,78.59,59.45,83.0,1693.0,107.0,5.0,3.0,73,0.011404926558394226
223415500360,화성치과 포스트 제거 후 재신경치료 과정 보존과 전문의는 어떤 게 다를까?,5,37.71,76.7,68.61,61.23,85.37,64.29,78.0,1777.0,111.0,0.0,7.0,75,0.011432714738920623
223394713508,앞니를 부딪혔는데 잇몸이 붓고 아파요. 동탄호수공원치과 심미 브릿지 제작 과정,5,37.71,78.71,68.93,67.92,81.4,56.59,62.0,1296.0,103.0,0.0,5.0,75,0.004487346391854906
223262947643,"치아 사이에 생긴 인접면 충치, 조기에 발견할 수 있는 방법 및 동탄치과 치료 과정",5,36.47,78.7,70.1,62.45,81.49,59.44,17.0,1877.0,140.0,14.0,4.0,64,0.0018996682597438
223667579753,동탄동 치과 앞니 신경치료 후 치아 뿌리 염증과 통증 해결 과정,5,37.71,78.6,72.8,60.14,86.32,67.88,77.0,1688.0,107.0,3.0,3.0,76,0.016573645758168404
223302785170,'3년 전 치료받았던 곳이 아파요.' 화성 치과 미세현미경으로 MB2 신경관 찾기,5,37.71,78.79,68.61,67.08,81.95,59.66,28.0,1199.0,83.0,2.0,1.0,70,0.0020256267030460576
223793510515,덜 성장한 치아 뿌리 자라도록 유도하는 치근단형성술 오산동 치과 에서 알려드리겠습니다!,5,36.47,77.4,66.72,66.62,78.97,64.39,88.0,2019.0,164.0,1.0,7.0,75,0.04525862068965517
223553485165,"상악동 거상술을 동반한 임플란트 식립, 술식과 방법은? 동탄 치과추천",5,37.71,74.44,65.91,66.89,80.78,59.46,80.0,2063.0,124.0,2.0,2.0,72,0.015180360939541252
223335804761,"'앞니가 벌어졌어요!' 동탄치과추천 받고 오셨던 분, 레진 당일 수복 과정",5,37.71,75.14,70.6,59.03,83.12,60.47,68.0,1533.0,104.0,0.0,3.0,61,0.018321608946608947
223405640599,"올바른 치료의 중요성, 동탄호수공원치과 앞니 지르코니아 크라운 심미보철 제작 과정",5,37.71,76.39,69.07,58.84,78.25,57.01,72.0,1527.0,112.0,0.0,7.0,58,0.0030587864744086655
223423945234,"어린이 앞니 외상 치료, 보존과 전문의가 있는 화성 치과 에서 자연치아를 살려드렸습니다🦷",5,37.71,78.18,68.18,69.15,83.75,66.79,7.0,1489.0,100.0,1.0,3.0,68,0.008993277445658398
223186535780,"""어금니가 시큰거리고 아파요."" 동탄역치과 소구치 신경치료 및 크라운 수복 과정",5,37.71,76.26,67.17,69.0,82.24,55.69,75.0,1429.0,103.0,2.0,3.0,71,0.02542524183447143
223704336524,이차 우식이 나타나는 이유는 무엇일까? 오산동 치과 에서 어금니 충치 레진으로 다시 수복한 과정,5,37.71,77.46,64.6,59.51,77.63,63.15,62.0,1595.0,107.0,1.0,2.0,69,0.009381329783960043
223236771862,동탄역치과 톡 벌어진 앞니 다이아스테마(diastema) 레진으로 당일 수복을 도와드렸습니다.,5,36.47,78.61,67.03,69.05,79.64,57.8,18.0,1437.0,104.0,5.0,4.0,69,0.012612138125235274
223459255522,"동탄치과 금(crack)이 간 어금니, 신경치료로 자연치아 살리기🦷",5,37.71,75.69,67.45,60.48,83.39,54.83,64.0,1707.0,119.0,3.0,4.0,66,0.021529979571617276
223364978339,"상악 전치부 치조골 흡수, 뼈이식을 동반한 동탄 임플란트 식립 과정!",5,36.47,75.18,65.7,59.08,85.02,64.33,79.0,1510.0,113.0,9.0,2.0,67,0.005847393347393348
223386498335,앞니 발치 후 즉시 식립 임플란트 오산동 치과 에서는 당일 임시치아 세팅이 가능합니다👍,5,37.71,76.7,75.09,68.2,84.25,63.99,45.0,1369.0,109.0,0.0,7.0,66,0.020202786865400977
223155543711,"""앞니 하나가 안쪽으로 들어가 있어요!"" 동탄치과추천 받고 오셨던 분 전치부 레진 수복 증례",5,37.71,76.08,68.64,61.17,83.34,59.57,23.0,1757.0,114.0,0.0,8.0,62,0.01306741984039945
223816356433,"인레이 치료 후 발생할 수 있는 문제( 충치 , 치아 파절 ) 동탄역 치과 에서 원인과 해결 방법 알아봅시다!",5,36.47,76.75,68.0,63.17,84.65,71.03,98.0,1973.0,156.0,4.0,4.0,60,0.022916881399024255
223589964130,"""아파서 중간에 중단했어요 다시 받고 싶어요""동탄치과 추천에서 통증 없이 앞니 재신경치료한 사례",5,37.71,77.8,63.16,59.6,79.2,58.01,81.0,1640.0,102.0,3.0,3.0,62,0.001782335702137998
223821931245,잇몸에 고름주머니 생겼다면 치아 뿌리 끝 염증이 원인일 수 있습니다 화성 치과 에서 치근단 절제술 치료 과정 알아봅시다.,5,37.71,76.01,66.04,62.41,76.04,67.23,85.0,1886.0,151.0,2.0,5.0,62,0.026825333635169854
223646411050,갑자기 잇몸에 통증이 느껴진다? 화성 치과에서 흔들리는 치아 신경치료를 통해 해결한 진료과정,5,37.71,78.83,68.25,60.59,77.29,57.58,76.0,1726.0,122.0,0.0,4.0,60,0.034543247002447326
223220535699,오산동치과 에서 알려드리는 root crack(치근 파절) 치료 과정,5,37.71,75.03,71.48,67.03,85.78,65.92,39.0,1189.0,92.0,4.0,1.0,60,0.0016350826044703596
223299941436,"작은 어금니 (소구치) 파절, 오산동 치과 임플란트는 2개월 만에 끝난다?",5,37.71,77.13,65.28,69.47,88.84,61.81,71.0,1493.0,100.0,3.0,3.0,60,0.006744481009186891
223285021905,"동탄역치과 앞니 벌어짐, 라미네이트 수복 장, 단점 및 치료 과정",5,36.47,75.93,71.29,67.48,81.2,62.25,87.0,2093.0,132.0,13.0,5.0,60,0.0023693684662248675
223384532317,동탄 치과 추천 타원에서 식립 불가하여 앞니 뼈이식 임플란트 받으러 오셨던 증례를 함께 볼까요?,5,37.71,79.56,65.96,60.37,83.46,61.33,87.0,1694.0,107.0,5.0,2.0,55,0.019290123456790122
223642862146,동탄역 치과 인레이 속에서 다시 찾아온 충치의 원인? 재수복 한 과정,5,37.71,79.26,70.26,59.74,85.81,60.94,72.0,1673.0,110.0,1.0,2.0,56,0.06820038970532391
223717371151,동탄역 치과 충치가 깊게 진행된 치아 신경치료 없이 치수 복조술을 통해서 자연치를 보존한,5,37.71,79.28,70.03,58.96,84.76,59.81,74.0,1545.0,114.0,3.0,4.0,58,0.025597643097643098
223287134538,[ 동탄역 치과 ] 충치 검진 및 아말감 교체 당일 레진 수복 과정,5,36.47,77.08,72.57,59.03,87.8,79.59,17.0,1523.0,99.0,2.0,8.0,57,0.002948033067298063
223684387892,신경치료 후 크라운까지 씌웠는데 염증이 나타났다? 동탄 치과 에서 치조골 이식술을 동반한 치아 발치 후 임플란트 치료 사례,5,37.71,77.36,64.17,59.56,82.84,63.72,73.0,1614.0,109.0,2.0,4.0,56,0.0017903884019438731
223447775141,"앞니 보철에 생긴 염증, '치아가 별로 남지 않았다면?' 동탄역 치과 발치 즉시 임플란트 식립 과정",5,37.71,75.5,67.85,62.81,78.1,61.64,78.0,1927.0,131.0,0.0,4.0,47,0.005264699078941834
223181472820,극심한 통증의 원인은 무엇일까? 급성치수염 치료 과정 화성치과추천,5,37.71,74.8,71.71,69.27,83.91,58.63,59.0,1465.0,117.0,2.0,4.0,55,0.018163094520667424
223239313976,"굽어 있는 C형 근관을 갖고 있던 분, 보존과 전문의의 동탄신경치료 치아 흔들림 개선 완료.",5,37.71,76.56,69.76,68.67,82.24,54.64,63.0,1391.0,98.0,1.0,7.0,55,0.019215133660023552
223695000182,동탄동 치과 심한 잇몸 퇴축으로 인한 흔들리는 치아들 임플란트 치료 과정을 통해 개선한 케이스,5,37.71,79.99,64.88,59.85,77.5,61.49,73.0,1624.0,118.0,2.0,3.0,51,0.011823585760437325
223442936737,골드 인레이 탈락 및 원심 충치로 동탄역 치과 에서 보철 재수복 진행😊,5,37.71,76.15,67.23,60.5,79.94,65.62,71.0,1681.0,110.0,0.0,6.0,50,0.019343481627099982
223149973455,"""이가 떨어졌어요!"" 화성 오산동 치과 발치 후 즉시식립 임플란트",5,36.47,75.5,74.57,60.78,89.35,69.47,73.0,1719.0,112.0,0.0,10.0,46,0.009836970053451506
223713604505,치조골 흡수로 틀니가 흔들린다면? 동탄동 치과 에서 오버덴쳐로 해결한 케이스,5,37.71,78.86,71.57,60.2,76.39,63.42,76.0,1669.0,126.0,2.0,3.0,50,0.012903681660870893
223767379681,"화성 치과 파절된 치외치로 인한 치아 뿌리 염증, 치근단 형성술 받은 케이스",5,37.71,77.74,69.59,59.97,80.82,68.1,76.0,1623.0,112.0,3.0,2.0,49,0.03078945598447311
223235174542,Injection moulding technique 을 사용한 변색되고 벌어진 앞니 치료 동탄치과추천,5,36.47,76.9,68.85,59.7,85.35,57.04,19.0,1595.0,104.0,13.0,3.0,47,0.0031587880100842664
223776270808,화성 치과 치아 뿌리 끝 형성된 염증 앞니 재신경치료 후 크라운 수복으로 다시 한번 보존하기,5,37.71,81.6,67.95,60.51,85.52,67.09,89.0,1710.0,124.0,0.0,5.0,46,0.014867130215427649
223451837108,"동탄역 치과 ""앞니 사이가 벌어졌어요!"" 레진을 사용한 당일 치료 증례😮",5,37.71,74.44,68.39,59.24,83.23,64.84,67.0,1562.0,90.0,0.0,4.0,49,0.003946456086286595
223747165682,화성 치과 엔도 중 충전재가 제대로 채워지지 않았다면? 어금니 재 신경치료 과정,5,37.71,78.81,67.83,59.16,78.58,66.41,78.0,1587.0,106.0,1.0,4.0,47,0.022571179320796355
223489831119,"오산동 치과, 재신경 치료는 보존과 전문의한테 제대로 받으세요.",5,37.71,78.95,70.71,59.65,77.99,61.27,13.0,1619.0,85.0,2.0,3.0,43,0.007142185753017255
223223930971,"이차우식이 나타난 크라운, 오산동치과 에서는 어떤 방법으로 치료를 도와드렸을까?",5,37.71,77.64,70.67,59.42,81.23,57.53,76.0,1573.0,111.0,3.0,3.0,41,0.0
223374858437,"동탄역 치과 ""다른 곳에서는 뽑으라 하던데..."" 재 신경치료 성공 사례",5,37.71,78.55,69.31,69.29,82.07,59.06,68.0,1466.0,110.0,0.0,5.0,32,0.017640169814082857
223810366687,앞니 크라운 모양이 마음에 들지 않는다면 동탄동 치과 에서 자연스러운 지르코니아 보철 재제작 과정 알려드리겠습니다.,5,37.71,77.31,66.67,66.94,78.37,66.41,83.0,2058.0,167.0,3.0,1.0,47,0.033403309570867505
223764799450,동탄역 치과 앞니 끝 깨짐으로 인해 라미네이트를 수복한 사례,5,37.71,78.38,74.95,58.6,88.14,58.93,9.0,1505.0,111.0,4.0,0.0,46,0.007785404626063966
223291925999,"'조직 괴사로 퍼진 치근단 염증, 자연치를 살릴 수 있을까?' 동탄 신경치료 잘하는 곳",5,37.71,74.86,66.57,60.77,78.88,59.76,69.0,1705.0,123.0,2.0,4.0,43,0.017275641025641025
223296314242,"""앞니 보철이 빠졌어요."" 동탄역 치과 임플란트 4개월간의 과정",5,37.71,79.51,69.93,59.15,83.76,59.67,67.0,1527.0,102.0,4.0,0.0,46,0.012180708180708181
223170676817,"금이 간 crack 치아, 신경치료를 해도 재발할 수 있다? 화성치과 임상 증례",5,36.47,78.36,66.98,60.4,82.42,57.06,66.0,1699.0,109.0,3.0,4.0,39,0.009857809125094987
223388504430,"""앞니 썩은 곳도 많고 모양도 마음에 안 들어요."" 동탄역 치과추천 받고 오셨던 전치부 브릿지 제작 과정",5,37.71,73.93,67.15,58.66,76.72,59.28,41.0,1523.0,97.0,3.0,1.0,43,0.017683650941052682
223749543549,동탄역 치과 어금니 잇몸 내려앉음이 있는 치아 결손 케이스 골이식을 동반하여 임플란트 식립 한 과정,5,37.71,76.59,68.68,60.64,84.99,66.18,81.0,1722.0,108.0,2.0,4.0,43,0.006056286367780936
223474913313,밥 먹을 때 치아가 아프다면? 치아 뿌리에 염증이 생겼을 수도 있습니다. 치근단 절제술 과정 오산동 치과,5,37.71,78.16,64.2,61.96,77.22,64.0,83.0,1805.0,118.0,0.0,5.0,41,0.004457780960499257
223669908658,육안으로 잘 보이지 않는 인접면 충치? 동탄 치과 에서 세라믹 인레이로 깔끔하게 해결한 사례,5,37.71,77.61,66.35,59.88,81.41,55.86,72.0,1656.0,127.0,1.0,4.0,38,0.008085187516302066
223316483238,"""선생님! 앞니가 심하게 썩었어요."" 동탄역 치과 전치부 임플란트&심미보철 케이스",5,36.47,76.44,68.7,69.42,79.71,54.02,67.0,1486.0,106.0,7.0,2.0,39,0.011702741702741704
223336576172,"70대 앞니 부러짐, 환자의 상황을 고려한 동탄치과 전치부 브릿지 수복!",5,37.71,77.08,67.59,68.11,78.73,59.84,31.0,1317.0,99.0,2.0,2.0,41,0.005204081632653061
223726806244,동탄2치과 어금니 잇몸 퇴축으로 임플란트 상악동 거상술 측방접근법을 시행한 증례,5,37.71,77.03,65.09,62.14,82.01,60.33,77.0,1858.0,132.0,2.0,4.0,40,0.016463247925168855
223580589189,"오산동 치과, 발치한 당일 아래 어금니 임플란트를 심을 수 있다?",5,37.71,76.71,70.31,60.72,85.34,65.16,84.0,1723.0,121.0,2.0,2.0,42,0.009663990484686292
223167739697,"식립 공간이 모자란 앞니, 어떻게 개선을 도와드렸을까? 동탄임플란트",5,36.47,75.59,67.91,62.62,80.96,55.99,83.0,1907.0,133.0,7.0,2.0,33,0.007986314760508309
223195081339,뿌리 끝 염증이 생기는 원인은 무엇일까? 동탄치과추천,5,37.71,76.84,77.31,61.47,81.24,57.91,20.0,1794.0,121.0,2.0,1.0,39,0.014890819964349376
223410586957,치료 순서를 정하는 것도 중요하다?! 동탄동 치과 교정 및 전치부 브릿지 수복 과정,5,36.47,75.54,67.52,58.91,81.14,68.63,66.0,1514.0,102.0,0.0,8.0,41,0.04926159819016962
223538287634,"화성 치과 치아 신경치료 후 통증, 재신경치료로 보존해서 오래 사용하실 수 있도록 도와드렸습니다.",5,37.71,75.21,63.24,66.86,85.89,62.69,92.0,2038.0,135.0,1.0,5.0,37,0.00979308639980308
223567150315,"""선생님 앞니가 깨졌어요."" 동탄2 치과 앞니 레진 수복으로 당일 치료 진행 과정",5,37.71,74.9,70.42,69.41,79.18,70.9,75.0,1494.0,105.0,2.0,2.0,39,0.0208523761139993
223426266336,"동탄역 치과 ""잇몸이 붓고 흔들려요."" 치주염 및 매복 사랑니를 동반하고 있었던 분, 가이드 임플란트 식립 과정",5,37.71,75.29,68.42,59.96,84.62,61.77,72.0,1644.0,124.0,0.0,7.0,37,0.02440802567524785
223170259404,화성치과추천 받고 왔어요. 앞니가 깨졌는데.. 치료받을 수 있을까요? (라미네이트 임상 증례),5,37.71,78.46,64.75,60.7,81.11,54.22,13.0,1688.0,107.0,3.0,1.0,26,0.004166666666666667
223329529682,"동탄북광장치과 '잇몸에 생긴 큰 고름, 원인은 채워지지 않은 근관?'",5,37.71,75.16,72.93,68.6,80.03,57.86,64.0,1357.0,109.0,1.0,4.0,36,0.0033510856632298757
223398163987,"동탄2목동치과 어둡게 변한 앞니, 발치 후 즉시 식립 임플란트를 할 수밖에 없었던 이유",5,37.71,75.36,69.29,59.17,78.25,59.33,71.0,1562.0,103.0,0.0,6.0,32,0.01253208661795347
223472120224,"신경 치료 동탄 치과, 미루면 더 아파질 뿐입니다.",5,37.71,76.88,69.11,61.58,83.01,33.64,18.0,1780.0,115.0,3.0,2.0,32,0.0036363636363636364
223688912947,0,0,0.0,0.0,0.0,0.0,0.0,0.0,0.0,0.0,0.0,0.0,0.0,34,0.008156813442332156
223195081723,동탄치과 발치 후 즉시 식립 임플란트로 어금니 이차우식 개선 완료!,5,37.71,73.63,73.65,58.82,86.68,60.75,71.0,1503.0,99.0,3.0,1.0,34,0.007931759660385892
223827530915,앞니가 깨졌을 때 대처법 동탄 치과 에서 알아보는 레진 수복 치료,5,37.71,78.69,69.72,62.5,83.52,70.18,90.0,1924.0,140.0,0.0,5.0,33,0.0042147512654134795
223736985385,오산동 치과 치근만 남은 앞니 파절 신경치료 후 크라운을 통해 되찾은 사례,5,36.47,78.08,65.64,61.61,81.81,53.52,79.0,1825.0,133.0,4.0,4.0,32,0.023201863665975743
223147720485,임플란트 주위염이 생겼다?! 동탄역 치과 에서 어떻게 개선을 도와드렸을까?,5,36.47,75.25,70.76,67.56,83.33,58.39,19.0,2092.0,122.0,0.0,9.0,26,0.008083668263437913
223461648342,"동탄2치과 앞니 파절 및 비심미적인 형태, 지르코니아 크라운으로 개선 완료👏🏻",5,37.71,75.83,65.42,59.05,81.58,62.19,18.0,1526.0,95.0,0.0,5.0,19,0.005135956485409094
223773517706,동탄역 치과 어금니 충치으로 레진과 세라믹 인레이를 수복한 과정,5,36.47,81.99,71.71,59.26,84.58,59.82,11.0,1569.0,112.0,0.0,8.0,29,0.0022657964562292133
223773517706,동탄역 치과 어금니 충치으로 레진과 세라믹 인레이를 수복한 과정,5,36.47,81.99,71.71,59.26,84.58,59.82,11.0,1569.0,112.0,0.0,8.0,29,0.0022657964562292133
223595953482,동탄 치과 깊게 파고드는 충치 인레이 치료 과정을 통해 자연치 살리기,5,37.71,78.26,69.69,59.44,87.76,66.91,10.0,1601.0,117.0,0.0,4.0,24,0.001983780660199546
223620072636,자연스러운 모습으로 왜소치를 해결하고 싶다면? 동탄 치과 라미네이트 치료 사례,5,37.71,77.83,66.68,60.25,78.96,61.45,61.0,1659.0,111.0,4.0,1.0,28,0.004592549961973545
223836024559,인레이 깨짐 또는 빠졌을 때 원인과 해결책 오산동 치과 에서 알아봅시다.,5,37.71,77.81,64.17,61.44,83.49,42.35,86.0,1806.0,147.0,0.0,4.0,28,0.0295834929047921
223264573936,"어금니 충치 제거 중 드러난 치수 조직, 동탄역 치과 에서 어떻게 개선을 도왔을까?",5,37.71,76.76,65.0,68.4,83.44,62.31,15.0,1332.0,110.0,0.0,4.0,27,0.02865530202486724
223453337978,"동탄2치과 잇몸 염증, 나아가 자연치 탈락의 원인이 될 수 있다? 전악 임플란트 수복 케이스✨",5,37.71,76.56,66.03,68.93,80.76,60.45,92.0,2227.0,130.0,4.0,2.0,25,0.008165247196481018
223672012238,화성 소재지에 있는 치과 에서 치아 뿌리 끝 염증으로 인해 신경치료 후 크라운을 진행했던 케이스,5,37.71,75.05,66.03,58.41,78.84,57.46,4.0,1502.0,109.0,1.0,3.0,26,0.01337010013085282
223838896283,"초기 충치 방치하면 벌어지는 일, 동탄 치과 에서 인접면 우식 진행과 치료 과정으로 알아보는 조기 대처의 중요성.",5,36.47,78.09,66.86,62.15,79.47,66.87,93.0,1857.0,151.0,3.0,5.0,24,0.024196582091318933
223319741081,0,0,0.0,0.0,0.0,0.0,0.0,0.0,0.0,0.0,0.0,0.0,0.0,25,0.0158160552897395
223652586578,상악동 거상술 술식 측방 접근법을 통해 안전하게 임플란트 재식립 한 사례 동탄역 치과,5,37.71,76.43,69.84,61.6,84.81,60.58,74.0,1830.0,119.0,0.0,5.0,22,0.006862348178137651
223855422665,화성 동탄역 치과 에서 알려드리는 임플란트 까지 이어질 수 있는 '수직 치근 파절',5,37.71,77.21,67.88,61.46,84.47,51.43,65.0,1800.0,131.0,3.0,4.0,25,0.02369576968180298
223221503683,"동탄치과추천 치근 파절, 조기 발견이 왜 어려운 걸까?",5,38.35,78.86,73.79,67.27,89.01,63.61,35.0,1243.0,90.0,0.0,1.0,22,0.021217382154882156
223273627729,동탄 치과 에서 임플란트 주위 염증으로 흔들림 후 재수술까지 신중하게,-1,0.0,76.56,69.95,67.83,83.5,61.25,86.0,2114.0,149.0,2.0,5.0,25,0.12778160836984365
223493106667,"동탄역 치과 , 치주 질환 신속히 치료받지 않으면 치아를 뽑아야 될 수 있습니다.",5,36.47,77.33,64.76,59.98,85.52,57.91,17.0,1645.0,95.0,4.0,5.0,26,0.014154589371980676
223805053360,동탄 치과 앞니 부러짐 신경치료 후 크라운 또는 레진 치료하게 되는 기준이 무엇일까요?,5,37.71,77.36,64.71,67.04,81.77,53.15,94.0,2046.0,155.0,2.0,4.0,26,0.007768387825980035
223184556078,"""임플란트가 2개월 만에 완성이 된다?!"" 외상으로 인한 치아 파절 개선 증례 동탄역치과추천",5,37.71,77.63,67.21,66.67,78.25,58.28,90.0,2028.0,140.0,5.0,0.0,24,0.011652550348202523
223486986872,"동탄역 치과 , 틀니는 불편하고 임플란트는 부담될 때 이렇게 치료할 수 있습니다!",5,36.47,77.29,61.83,59.28,85.8,57.19,62.0,1556.0,97.0,0.0,8.0,25,0.012316828861451287
223633437760,잇몸 퇴축으로 인해 치아가 빠진다면? 오산동 치과 다수의 어금니 임플란트 식립으로 저작기능 회복한 증례,5,37.71,79.2,65.39,61.38,78.14,61.15,72.0,1808.0,128.0,3.0,1.0,26,0.03148426088031406
223687414025,오산동 치과 치아 깨짐 통증으로 인한 앞니 신경치료 과정을 진행했던 케이스,5,37.71,76.56,69.16,61.87,81.15,61.67,74.0,1851.0,134.0,2.0,4.0,24,0.014562976064051922
223880864293,"화성 동탄역 치과 에서 함께 분석해 보는, 염증이 꽉 차있던 리엔도 사례",5,37.71,73.78,67.02,70.48,84.23,41.0,77.0,2363.0,169.0,1.0,6.0,20,0.021818181818181816
223326895234,'상악동에 염증이 퍼졌다?' 40대 동탄 임플란트 식립 과정,5,37.71,75.84,72.05,67.16,84.53,57.52,42.0,1258.0,99.0,1.0,6.0,24,0.0027689124391199493
223800709422,인접면 충치 화성 치과 에서 인레이 치료 과정 및 세라믹 재료 특징 살펴봅시다!,5,37.71,79.43,69.75,69.13,87.19,72.48,94.0,2269.0,147.0,0.0,5.0,25,0.006396355934082995
223680022380,앞니가 깨졌을 때 어떻게 해야 할까? 화성 치과 에서 치아 파절 신경치료를 통해 심미성 회복한 케이스,5,37.71,78.85,63.38,60.23,77.51,60.71,72.0,1675.0,123.0,1.0,5.0,21,0.009651442307692309
223179567720,'앞니 하나가 흔들리는데 검진받아볼 수 있을까요? 동탄치과추천 받고 왔어요.' 브릿지 수복 증례,5,37.71,78.06,65.25,69.45,84.3,60.74,70.0,1492.0,104.0,3.0,1.0,21,0.0007782600219575009
223381312568,동탄역 치과 치아 앞니 사이 벌어짐 어떻게 해결할까? 다이아스테마 레진 치료로,-1,0.0,79.74,70.24,60.46,85.75,63.91,84.0,1704.0,98.0,0.0,3.0,23,0.007055555555555555
223795754394,잇몸에 고름 주머니 치아 문제일 수 있습니다 동탄 치과 에서 재신경치료 하는 원인 살펴봅시다.,5,37.71,78.74,65.3,60.72,81.5,65.59,92.0,1741.0,112.0,0.0,6.0,23,0.007588396496477408
223258396983,"동탄 치과 ""왼쪽 어금니가 전체적으로 시큰해요."" 숨어있는 근관 찾기",5,36.47,75.89,66.74,59.32,84.67,33.39,70.0,1568.0,112.0,1.0,9.0,20,0.004988617459066632
223243681120,"크기가 작은 왜소치, 구강질환이 생길 확률도 높아진다? 동탄치과추천",5,36.47,77.6,70.27,60.14,82.03,50.69,20.0,1644.0,124.0,11.0,3.0,17,0.0002717391304347826
223639488509,충치 치료를 통해 수복한 레진이 파절되었을 때 어떻게 할까? 화성 치과 에서 세라믹 인레이 과정을 통해 해결한 사례,5,37.71,77.76,65.25,60.62,74.45,62.62,81.0,1729.0,125.0,0.0,3.0,22,0.011915321264351736
223864036929,오산동 치과 미세 현미경이 필요한 MB Canal 신경치료,5,37.71,75.46,75.15,63.55,87.81,45.73,78.0,1985.0,139.0,2.0,4.0,20,0.0052741466957153225
223582734928,동탄2 치과 치조골 흡수로 인해 흔들리고 이동으로 앞니 임플란트 식립할 수밖에 없었던 사례,5,37.71,77.81,64.93,59.64,82.25,60.68,72.0,1612.0,113.0,3.0,3.0,20,0.012153110047846891
223135306927,동탄 치과 에서 구강 내에 나타난 다발성 충치를 개선해 드렸던 스토리,5,36.47,77.2,68.63,61.07,76.62,58.87,74.0,1734.0,124.0,0.0,10.0,20,0.03774829745417981
223142147666,"""앞니 크라운이 예쁘지도 않고, 주변 잇몸이 계속 붓더라고요.."" 동탄역 치과",-1,0.0,77.26,65.94,61.55,81.1,58.2,18.0,1785.0,134.0,0.0,8.0,14,0.0
223593477720,"벌어져있는 치아, 레진으로 앞니 사이 채워 넣어 감쪽같이 해결한 증례 오산동 치과",5,37.71,77.66,68.31,60.15,78.56,65.57,14.0,1662.0,115.0,4.0,1.0,19,0.011135971578466962
223755253807,화성 치과 어금니 잇몸 염증으로 심한 골소실 있는 케이스 발치 후 임플란트 지연 식립 한 과정,5,37.71,75.38,68.89,60.4,85.4,66.02,78.0,1695.0,118.0,1.0,4.0,20,0.005811120501273302
223561578738,화성 치과 다시 욱신거리는 통증 신경치료가 필요한 신호일수 있습니다.,5,37.71,77.36,66.66,60.27,82.23,61.94,70.0,1676.0,124.0,3.0,2.0,17,0.002121212121212121
223807794823,오래된 보철 충치와 염증으로 인해 오산동 치과 에서 발치 후 임플란트 브릿지 시행했습니다.,5,37.71,75.83,65.28,66.56,79.81,65.48,97.0,2064.0,144.0,4.0,2.0,19,0.009242751960848573
223843922177,치경부 마모증 왜 이가 시릴까요 동탄역 치과 에서 원인과 레진 치료 과정 살펴보기.,5,37.71,79.29,70.42,68.85,83.03,61.98,90.0,2221.0,179.0,0.0,3.0,14,0.00683982683982684
223185551859,"까맣게 색이 변한 앞니, 어떻게 개선을 도와드렸을까? 오산동치과추천 받고 오셨던 분",5,37.71,77.93,67.2,69.1,83.48,56.07,73.0,1477.0,89.0,1.0,4.0,14,0.005937500000000001
223372527171,"""앞니가 부러졌어요."" 동탄호수공원 치과 전치부 임플란트 케이스",5,36.47,76.59,72.86,60.53,82.14,58.0,76.0,1668.0,130.0,3.0,5.0,18,0.009559983756816336
223445765237,"앞니 벌어짐, 오산동 치과 애서는 단 30분 만에 해결할 수 있습니다😊",-1,0.0,76.73,70.05,59.39,81.55,61.63,65.0,1566.0,101.0,0.0,3.0,13,0.0014619883040935672
223783492274,신경치료 한 부위 치아가 어둡다면 동탄역 치과 에서는 어떻게 치료하게 될까요?,5,36.47,77.14,64.57,62.02,79.74,48.84,83.0,1840.0,139.0,6.0,2.0,17,0.012794572328510882
223188852298,동탄임플란트 치과에서 상악동 거상술을 동반한 식립을 진행했던 스토리,5,37.71,75.34,69.84,59.67,85.42,56.94,64.0,1570.0,106.0,2.0,2.0,11,0.002349351639969489
223574319522,"동탄 치과 초기 충치 치료, 왜 시기를 놓치면 안 될까요? 발치부터 임플란트 식립까지 증례",-1,0.0,79.19,61.55,59.9,85.94,63.33,78.0,1650.0,113.0,2.0,2.0,5,0.07115069615069615
223786013522,앞니가 깨졌을 때 동탄신도시 치과 에서 레진 치료를 통해 자연스러운 형태의 치아로 되찾을 수 있습니다.,0,0.0,77.56,0.0,66.58,77.25,59.68,83.0,2037.0,144.0,1.0,2.0,15,0.019260778888679286
223566420908,앞니 깨짐 어떤 치료를 받아야 할까? 동탄동 치과,-1,0.0,78.33,75.49,60.26,77.42,49.38,84.0,1668.0,114.0,0.0,3.0,15,0.006472652385600976
223569663447,"""양쪽 어금니가 흔들리고 아파요"" 오산동 치과 양쪽 어금니 발치 후 임플란트 과정",-1,0.0,77.5,68.92,60.38,82.21,65.92,7.0,1673.0,121.0,0.0,3.0,13,0.007936507936507936
223883326729,"동탄동 충치치료, 앞니 사이 레진의 장점 및 적응증에 대하여",5,37.71,73.24,68.61,61.54,88.7,47.71,55.0,1765.0,139.0,5.0,2.0,12,0.0006310280078082474
223875842051,"화성 소아진료 치과, 앞니 부러짐 꼭 신경치료를 해야 될까요? (feat. 치수복조에 대하여)",5,37.71,72.51,60.99,62.12,87.56,57.2,80.0,1882.0,144.0,4.0,3.0,14,0.0029411764705882353
223209608215,"동탄치과 '잇몸에서 나오는 고름, 어떻게 해결할 수 있을까?'",5,37.71,75.1,75.18,67.7,79.4,58.33,13.0,1271.0,86.0,2.0,3.0,10,0.0037142255892255896
223249211681,치아 뿌리를 잘라서 자연치를 살릴 수 있다? 화성치과 보존과 전문의의 치근단 절제술 과정,-1,0.0,73.26,67.48,65.69,80.27,56.46,57.0,1021.0,86.0,1.0,5.0,10,0.0
223390910030,"치아 사이에 생긴 충치, 동탄역 치과 이맥스 인레이로 티 안 나게 메꿔드렸습니다🫢",-1,0.0,79.28,67.32,59.06,83.35,62.68,73.0,1505.0,99.0,0.0,3.0,13,0.005658385978463774
223880001893,동탄 신경치료 까지 이어질 뻔 했던 골드 인레이 속 2차 우식,5,37.71,74.09,67.46,61.86,83.37,40.59,65.0,1825.0,172.0,3.0,2.0,12,0.009196696696696696
223247611266,잇몸과 치아 사이(치경부)에도 충치가 생길 수 있나요? 동탄치과,-1,0.0,76.26,69.45,66.96,78.94,54.92,38.0,1179.0,88.0,0.0,4.0,9,0.003439153439153439
223416621409,"상악동과 거리가 가까운 소구치, 동탄역 치과 의 안전한 임플란트 식립 과정!",5,36.47,75.38,64.08,61.4,79.2,58.54,72.0,1793.0,138.0,0.0,13.0,11,0.007417668646482207
223911334860,"화성 동탄 치과 와 함께 보는, 옆면에 발생한 충치치료 후 세라믹 인레이 사례",5,37.71,77.0,66.98,71.46,80.52,53.97,97.0,2461.0,166.0,3.0,4.0,13,0.01276615283878384
223214107371,"치아 상실 및 정출, 동탄역치과 고난도 임플란트 식립으로 개선을 도와드렸던 증례",5,37.71,76.18,64.07,59.45,80.53,54.88,66.0,1549.0,118.0,3.0,1.0,8,0.0001524390243902439
223665255366,동탄동 치과 결손된 어금니로 인한 임플란트 상악동 거상술 과정과 수술 후 주의 사항,5,37.71,76.84,68.28,60.65,79.18,61.27,74.0,1722.0,114.0,2.0,4.0,11,0.011490683229813664
223857788386,동탄동 치과 에서 사례로 설명드리는 '깨진 인레이'에 대하여,5,37.71,74.19,70.74,60.75,77.12,36.07,61.0,1722.0,147.0,2.0,2.0,8,0.005304027819980418
223505228904,보철 내부에 발생한 이차 우식 오산동 치과 에서 깔끔하게 치료해 드린 사례,5,37.71,78.73,67.9,61.07,81.94,65.78,81.0,1771.0,102.0,0.0,4.0,9,0.03333333333333333
223529572559,"화성 치과 임플란트 증례 보이지 않는 염증, 치아를 갉아먹고 있을 수 있습니다.",5,37.71,78.61,60.12,59.74,87.74,60.39,75.0,1602.0,104.0,2.0,4.0,5,0.00625
223894869681,"화성 오산동 신경치료 이후 발생한 염증, 자연치아를 살릴 수 있는 접근법",5,37.71,70.89,64.67,71.35,86.27,57.23,81.0,2440.0,185.0,2.0,5.0,7,0.025641025641025644
223610202977,오산동 치과 [틀니보다 임플란트가 편한 이유는 무엇일까?],5,37.71,76.49,76.09,61.38,81.4,50.55,81.0,1812.0,130.0,3.0,2.0,8,0.0
223841268715,치아 빠졌을 때 나타날 수 있는 구강 변화 화성 치과 에서 뼈이식 임플란트를 통한 회복 과정.,5,37.71,75.6,64.23,61.81,76.02,68.55,82.0,1857.0,127.0,3.0,2.0,6,0.0004385964912280702
223735795643,동탄역 치과 치주염 증상으로 인한 어금니 흔들림 임플란트 상악동 거상술 측방 접근법을 진행 한 과정,5,37.71,79.99,67.02,60.38,83.81,62.36,78.0,1696.0,120.0,1.0,4.0,9,0.010101010101010102
223872218238,치아 머리 파절 및 만성치주염까지 동반된 어금니 동탄역 임플란트,5,37.71,74.15,70.3,62.44,81.1,49.74,68.0,1896.0,180.0,2.0,3.0,6,0.012301587301587301
223408605557,"[ 동탄역 치과 ] 치아 탈회, 흰색 반점 레진 치료 전, 후 비교",-1,0.0,74.55,71.81,69.19,86.41,66.53,15.0,1483.0,106.0,0.0,3.0,7,0.01317016317016317
223350038257,상악동과 거리가 가깝다면 임플란트를 심을 수 없는 걸까? 동탄2목동치과,5,37.71,75.51,62.37,69.59,79.96,53.71,71.0,1483.0,104.0,4.0,3.0,7,0.005714285714285714
223564055125,깨진 수복물 어떻게 해야 되나요? 세라믹 인레이로 치료한 케이스 동탄역 치과,-1,0.0,77.35,63.81,60.53,79.69,57.04,80.0,1678.0,116.0,0.0,4.0,3,2.463661000246366e-05
223802571164,"임플란트 부러짐, 재수술해야 될 수 있습니다 동탄역 치과 에서 크게 흔들리는 보철 정확한 원인 분석 후 치료 과정까지 살펴봅시다.",5,36.47,76.4,61.04,61.87,76.78,60.06,96.0,1846.0,140.0,6.0,4.0,6,0.015186455752493487
223832442086,안전한 임플란트 시술을 위한 방법 동탄역 치과 상악동 거상술 살펴봅시다.,5,37.71,76.55,68.91,68.7,81.78,62.06,100.0,2224.0,171.0,6.0,1.0,5,0.010125
223883087276,오산동 에서 알려드리는 치근단염을 방치하다 뼈가 더 녹기 전 신경치료 통해 살린 증례,5,36.47,71.83,61.23,61.83,75.64,32.34,78.0,1829.0,134.0,5.0,3.0,4,0.030303030303030304
223464390508,치아에 발생한 염증 가만히 두면 큰일 납니다!! 동탄역 치과 재신경치료&크라운,5,37.71,78.25,66.15,69.29,78.5,59.52,83.0,1449.0,111.0,3.0,2.0,4,0.0
223772043532,동탄2 치과 심한 골소실이 있는 케이스 지연 식립과 뼈이식을 통해 임플란트를 심어드렸습니다.,5,37.71,78.91,68.94,60.21,77.52,57.5,77.0,1702.0,123.0,1.0,3.0,6,0.0
223809471767,잇몸 염증 때문에 뼈가 파괴될 수 있습니다 동탄 치과 에서 발견한 치근단 병소 발치 후 임플란트로 회복하는 과정.,5,37.71,75.96,64.9,61.46,76.92,65.48,100.0,1824.0,128.0,4.0,1.0,5,0.0003333333333333334
223305026270,Implant 심을 자리가 부족하다면? 동탄 임플란트 식립 과정,5,37.71,76.53,70.31,60.01,84.51,58.86,66.0,1625.0,109.0,2.0,2.0,5,0.0
223515640939,"오산동 치과 실제 사례 , 깨진 인레이 이렇게 치료해야 됩니다.",-1,0.0,77.33,72.56,59.66,84.67,58.71,80.0,1607.0,101.0,2.0,1.0,3,0.0
223539343578,"동탄동 치과 자꾸만 거슬리는 앞니 사이 충치, 레진과 크라운 치료로 예쁘게 재탄생",5,37.71,77.09,65.17,66.96,83.42,66.23,20.0,2055.0,132.0,4.0,2.0,5,0.002585858585858586
223790580014,앞니 부러짐 동탄동 치과 에서 발치 즉시 임플란트 통해 빠르게 치유할 수 있었던 이유.,5,37.71,77.79,66.91,67.0,78.53,63.27,80.0,2099.0,143.0,0.0,5.0,3,0.0
223347599407,동탄역 치과 에서는 벌어진 앞니 당일 치료가 가능하다?!,-1,0.0,75.86,76.21,67.36,83.45,64.55,15.0,1269.0,85.0,2.0,1.0,3,0.022222222222222223
223903759866,동탄역 치과 에서 주의 드리는 재발 충치치료의 위험성에 대하여,5,37.71,74.35,69.91,60.18,82.06,41.64,71.0,1647.0,140.0,2.0,3.0,1,0.00015673981191222572
223338916153,오산동 치과 1대1 맞춤 진료를 통한 뼈이식 임플란트 식립 사례,5,37.71,77.53,68.08,59.14,80.2,59.8,62.0,1525.0,108.0,2.0,4.0,4,0.0
223819383233,임플란트 주위염 오산동 치과 에서 실패한 수술 뼈이식과 재식립 통해 회복할 수 있었습니다.,5,37.71,77.1,66.48,63.27,84.96,61.26,99.0,2013.0,160.0,1.0,5.0,1,0.0006493506493506494
